Gender;Eco_Sector;Age;Period;Total
Both;Total;Total;2023T3;21265.9
Both;Total;Total;2023T2;21056.7
Both;Total;Total;2023T1;20452.8
Both;Total;Total;2022T4;20463.9
Both;Total;Total;2022T3;20545.7
Both;Total;Total;2022T2;20468.0
Both;Total;Total;2022T1;20084.7
Both;Total;Total;2021T4;20184.9
Both;Total;Total;2021T3;20031.0
Both;Total;Total;2021T2;19671.7
Both;Total;Total;2021T1;19206.8
Both;Total;Total;2020T4;19344.3
Both;Total;Total;2020T3;19176.9
Both;Total;Total;2020T2;18607.2
Both;Total;Total;2020T1;19681.3
Both;Total;Total;2019T4;19966.9
Both;Total;Total;2019T3;19874.3
Both;Total;Total;2019T2;19804.9
Both;Total;Total;2019T1;19471.1
Both;Total;Total;2018T4;19564.6
Both;Total;Total;2018T3;19528.0
Both;Total;Total;2018T2;19344.1
Both;Total;Total;2018T1;18874.2
Both;Total;Total;2017T4;18998.4
Both;Total;Total;2017T3;19049.2
Both;Total;Total;2017T2;18813.3
Both;Total;Total;2017T1;18438.3
Both;Total;Total;2016T4;18508.1
Both;Total;Total;2016T3;18527.5
Both;Total;Total;2016T2;18301.0
Both;Total;Total;2016T1;18029.6
Both;Total;Total;2015T4;18094.2
Both;Total;Total;2015T3;18048.7
Both;Total;Total;2015T2;17866.5
Both;Total;Total;2015T1;17454.8
Both;Total;Total;2014T4;17569.1
Both;Total;Total;2014T3;17504.0
Both;Total;Total;2014T2;17353.0
Both;Total;Total;2014T1;16950.6
Both;Total;Total;2013T4;17135.2
Both;Total;Total;2013T3;17230.0
Both;Total;Total;2013T2;17160.6
Both;Total;Total;2013T1;17030.2
Both;Total;Total;2012T4;17339.4
Both;Total;Total;2012T3;17667.7
Both;Total;Total;2012T2;17758.5
Both;Total;Total;2012T1;17765.1
Both;Total;Total;2011T4;18153.0
Both;Total;Total;2011T3;18484.5
Both;Total;Total;2011T2;18622.0
Both;Total;Total;2011T1;18426.2
Both;Total;Total;2010T4;18674.9
Both;Total;Total;2010T3;18819.0
Both;Total;Total;2010T2;18751.1
Both;Total;Total;2010T1;18652.9
Both;Total;Total;2009T4;18890.4
Both;Total;Total;2009T3;19098.4
Both;Total;Total;2009T2;19154.2
Both;Total;Total;2009T1;19284.4
Both;Total;Total;2008T4;20055.3
Both;Total;Total;2008T3;20556.4
Both;Total;Total;2008T2;20646.9
Both;Total;Total;2008T1;20620.0
Both;Total;A1619;2023T3;211.4
Both;Total;A1619;2023T2;162.2
Both;Total;A1619;2023T1;137.3
Both;Total;A1619;2022T4;153.4
Both;Total;A1619;2022T3;181.9
Both;Total;A1619;2022T2;151.8
Both;Total;A1619;2022T1;142.0
Both;Total;A1619;2021T4;122.9
Both;Total;A1619;2021T3;184.5
Both;Total;A1619;2021T2;117.3
Both;Total;A1619;2021T1;80.7
Both;Total;A1619;2020T4;86.9
Both;Total;A1619;2020T3;118.3
Both;Total;A1619;2020T2;90.4
Both;Total;A1619;2020T1;129.9
Both;Total;A1619;2019T4;146.5
Both;Total;A1619;2019T3;178.6
Both;Total;A1619;2019T2;149.7
Both;Total;A1619;2019T1;127.0
Both;Total;A1619;2018T4;136.1
Both;Total;A1619;2018T3;165.5
Both;Total;A1619;2018T2;130.8
Both;Total;A1619;2018T1;103.7
Both;Total;A1619;2017T4;118.5
Both;Total;A1619;2017T3;147.8
Both;Total;A1619;2017T2;111.0
Both;Total;A1619;2017T1;94.5
Both;Total;A1619;2016T4;96.9
Both;Total;A1619;2016T3;121.2
Both;Total;A1619;2016T2;84.8
Both;Total;A1619;2016T1;80.4
Both;Total;A1619;2015T4;79.6
Both;Total;A1619;2015T3;105.8
Both;Total;A1619;2015T2;78.3
Both;Total;A1619;2015T1;71.6
Both;Total;A1619;2014T4;81.8
Both;Total;A1619;2014T3;91.6
Both;Total;A1619;2014T2;72.0
Both;Total;A1619;2014T1;72.1
Both;Total;A1619;2013T4;65.1
Both;Total;A1619;2013T3;89.9
Both;Total;A1619;2013T2;75.8
Both;Total;A1619;2013T1;66.6
Both;Total;A1619;2012T4;68.7
Both;Total;A1619;2012T3;94.8
Both;Total;A1619;2012T2;86.7
Both;Total;A1619;2012T1;85.8
Both;Total;A1619;2011T4;92.8
Both;Total;A1619;2011T3;156.2
Both;Total;A1619;2011T2;132.3
Both;Total;A1619;2011T1;115.0
Both;Total;A1619;2010T4;125.1
Both;Total;A1619;2010T3;164.0
Both;Total;A1619;2010T2;157.8
Both;Total;A1619;2010T1;158.9
Both;Total;A1619;2009T4;163.3
Both;Total;A1619;2009T3;228.4
Both;Total;A1619;2009T2;207.8
Both;Total;A1619;2009T1;218.0
Both;Total;A1619;2008T4;269.5
Both;Total;A1619;2008T3;371.3
Both;Total;A1619;2008T2;323.6
Both;Total;A1619;2008T1;352.3
Both;Total;A2024;2023T3;1132.8
Both;Total;A2024;2023T2;1043.5
Both;Total;A2024;2023T1;968.1
Both;Total;A2024;2022T4;968.6
Both;Total;A2024;2022T3;1019.3
Both;Total;A2024;2022T2;1022.3
Both;Total;A2024;2022T1;919.9
Both;Total;A2024;2021T4;898.7
Both;Total;A2024;2021T3;973.9
Both;Total;A2024;2021T2;841.5
Both;Total;A2024;2021T1;761.9
Both;Total;A2024;2020T4;766.9
Both;Total;A2024;2020T3;798.0
Both;Total;A2024;2020T2;687.6
Both;Total;A2024;2020T1;857.5
Both;Total;A2024;2019T4;907.4
Both;Total;A2024;2019T3;954.0
Both;Total;A2024;2019T2;872.1
Both;Total;A2024;2019T1;819.2
Both;Total;A2024;2018T4;860.7
Both;Total;A2024;2018T3;908.0
Both;Total;A2024;2018T2;853.5
Both;Total;A2024;2018T1;798.9
Both;Total;A2024;2017T4;813.2
Both;Total;A2024;2017T3;883.0
Both;Total;A2024;2017T2;782.0
Both;Total;A2024;2017T1;734.4
Both;Total;A2024;2016T4;719.6
Both;Total;A2024;2016T3;775.1
Both;Total;A2024;2016T2;712.8
Both;Total;A2024;2016T1;690.7
Both;Total;A2024;2015T4;719.7
Both;Total;A2024;2015T3;773.4
Both;Total;A2024;2015T2;713.3
Both;Total;A2024;2015T1;669.0
Both;Total;A2024;2014T4;675.2
Both;Total;A2024;2014T3;696.7
Both;Total;A2024;2014T2;669.8
Both;Total;A2024;2014T1;635.0
Both;Total;A2024;2013T4;680.3
Both;Total;A2024;2013T3;724.7
Both;Total;A2024;2013T2;675.2
Both;Total;A2024;2013T1;675.6
Both;Total;A2024;2012T4;710.3
Both;Total;A2024;2012T3;810.7
Both;Total;A2024;2012T2;770.3
Both;Total;A2024;2012T1;783.9
Both;Total;A2024;2011T4;863.3
Both;Total;A2024;2011T3;947.3
Both;Total;A2024;2011T2;920.9
Both;Total;A2024;2011T1;939.0
Both;Total;A2024;2010T4;1009.7
Both;Total;A2024;2010T3;1104.5
Both;Total;A2024;2010T2;1057.3
Both;Total;A2024;2010T1;1064.6
Both;Total;A2024;2009T4;1129.6
Both;Total;A2024;2009T3;1191.7
Both;Total;A2024;2009T2;1192.7
Both;Total;A2024;2009T1;1257.2
Both;Total;A2024;2008T4;1416.8
Both;Total;A2024;2008T3;1564.9
Both;Total;A2024;2008T2;1529.5
Both;Total;A2024;2008T1;1519.4
Both;AGRI;Total;2023T3;701.9
Both;AGRI;Total;2023T2;749.7
Both;AGRI;Total;2023T1;748.2
Both;AGRI;Total;2022T4;753.2
Both;AGRI;Total;2022T3;729.0
Both;AGRI;Total;2022T2;789.3
Both;AGRI;Total;2022T1;827.7
Both;AGRI;Total;2021T4;840.1
Both;AGRI;Total;2021T3;761.5
Both;AGRI;Total;2021T2;811.1
Both;AGRI;Total;2021T1;797.9
Both;AGRI;Total;2020T4;782.1
Both;AGRI;Total;2020T3;731.1
Both;AGRI;Total;2020T2;763.4
Both;AGRI;Total;2020T1;784.8
Both;AGRI;Total;2019T4;793.9
Both;AGRI;Total;2019T3;746.2
Both;AGRI;Total;2019T2;809.3
Both;AGRI;Total;2019T1;839.7
Both;AGRI;Total;2018T4;825.6
Both;AGRI;Total;2018T3;768.4
Both;AGRI;Total;2018T2;822.5
Both;AGRI;Total;2018T1;833.8
Both;AGRI;Total;2017T4;820.7
Both;AGRI;Total;2017T3;777.0
Both;AGRI;Total;2017T2;832.6
Both;AGRI;Total;2017T1;847.7
Both;AGRI;Total;2016T4;816.7
Both;AGRI;Total;2016T3;743.8
Both;AGRI;Total;2016T2;760.2
Both;AGRI;Total;2016T1;777.4
Both;AGRI;Total;2015T4;779.7
Both;AGRI;Total;2015T3;709.5
Both;AGRI;Total;2015T2;740.4
Both;AGRI;Total;2015T1;717.4
Both;AGRI;Total;2014T4;728.9
Both;AGRI;Total;2014T3;666.1
Both;AGRI;Total;2014T2;739.3
Both;AGRI;Total;2014T1;809.1
Both;AGRI;Total;2013T4;777.3
Both;AGRI;Total;2013T3;699.4
Both;AGRI;Total;2013T2;753.1
Both;AGRI;Total;2013T1;716.5
Both;AGRI;Total;2012T4;774.0
Both;AGRI;Total;2012T3;714.2
Both;AGRI;Total;2012T2;722.3
Both;AGRI;Total;2012T1;763.0
Both;AGRI;Total;2011T4;802.3
Both;AGRI;Total;2011T3;704.8
Both;AGRI;Total;2011T2;735.9
Both;AGRI;Total;2011T1;778.0
Both;AGRI;Total;2010T4;796.0
Both;AGRI;Total;2010T3;747.8
Both;AGRI;Total;2010T2;772.8
Both;AGRI;Total;2010T1;827.7
Both;AGRI;Total;2009T4;778.6
Both;AGRI;Total;2009T3;740.6
Both;AGRI;Total;2009T2;790.8
Both;AGRI;Total;2009T1;842.5
Both;AGRI;Total;2008T4;813.2
Both;AGRI;Total;2008T3;798.8
Both;AGRI;Total;2008T2;830.6
Both;AGRI;Total;2008T1;870.1
Both;AGRI;A1619;2023T3;7.6
Both;AGRI;A1619;2023T2;6.3
Both;AGRI;A1619;2023T1;3.4
Both;AGRI;A1619;2022T4;7.6
Both;AGRI;A1619;2022T3;6.4
Both;AGRI;A1619;2022T2;7.1
Both;AGRI;A1619;2022T1;7.4
Both;AGRI;A1619;2021T4;5.5
Both;AGRI;A1619;2021T3;8.7
Both;AGRI;A1619;2021T2;8.4
Both;AGRI;A1619;2021T1;8.0
Both;AGRI;A1619;2020T4;7.8
Both;AGRI;A1619;2020T3;8.2
Both;AGRI;A1619;2020T2;8.9
Both;AGRI;A1619;2020T1;10.9
Both;AGRI;A1619;2019T4;13.0
Both;AGRI;A1619;2019T3;10.8
Both;AGRI;A1619;2019T2;11.4
Both;AGRI;A1619;2019T1;10.9
Both;AGRI;A1619;2018T4;8.9
Both;AGRI;A1619;2018T3;10.8
Both;AGRI;A1619;2018T2;12.7
Both;AGRI;A1619;2018T1;10.5
Both;AGRI;A1619;2017T4;10.0
Both;AGRI;A1619;2017T3;11.6
Both;AGRI;A1619;2017T2;16.4
Both;AGRI;A1619;2017T1;14.3
Both;AGRI;A1619;2016T4;6.8
Both;AGRI;A1619;2016T3;8.6
Both;AGRI;A1619;2016T2;7.2
Both;AGRI;A1619;2016T1;6.7
Both;AGRI;A1619;2015T4;10.4
Both;AGRI;A1619;2015T3;9.9
Both;AGRI;A1619;2015T2;6.9
Both;AGRI;A1619;2015T1;6.4
Both;AGRI;A1619;2014T4;8.2
Both;AGRI;A1619;2014T3;5.2
Both;AGRI;A1619;2014T2;8.5
Both;AGRI;A1619;2014T1;8.7
Both;AGRI;A1619;2013T4;12.3
Both;AGRI;A1619;2013T3;7.5
Both;AGRI;A1619;2013T2;6.6
Both;AGRI;A1619;2013T1;5.4
Both;AGRI;A1619;2012T4;5.9
Both;AGRI;A1619;2012T3;10.8
Both;AGRI;A1619;2012T2;6.5
Both;AGRI;A1619;2012T1;10.8
Both;AGRI;A1619;2011T4;10.1
Both;AGRI;A1619;2011T3;13.0
Both;AGRI;A1619;2011T2;10.5
Both;AGRI;A1619;2011T1;9.8
Both;AGRI;A1619;2010T4;10.9
Both;AGRI;A1619;2010T3;12.4
Both;AGRI;A1619;2010T2;13.9
Both;AGRI;A1619;2010T1;17.5
Both;AGRI;A1619;2009T4;11.8
Both;AGRI;A1619;2009T3;15.0
Both;AGRI;A1619;2009T2;14.6
Both;AGRI;A1619;2009T1;17.0
Both;AGRI;A1619;2008T4;14.1
Both;AGRI;A1619;2008T3;16.7
Both;AGRI;A1619;2008T2;16.9
Both;AGRI;A1619;2008T1;18.1
Both;AGRI;A2024;2023T3;19.9
Both;AGRI;A2024;2023T2;27.4
Both;AGRI;A2024;2023T1;27.3
Both;AGRI;A2024;2022T4;30.8
Both;AGRI;A2024;2022T3;31.8
Both;AGRI;A2024;2022T2;33.0
Both;AGRI;A2024;2022T1;30.6
Both;AGRI;A2024;2021T4;33.3
Both;AGRI;A2024;2021T3;38.4
Both;AGRI;A2024;2021T2;39.5
Both;AGRI;A2024;2021T1;39.1
Both;AGRI;A2024;2020T4;30.4
Both;AGRI;A2024;2020T3;27.5
Both;AGRI;A2024;2020T2;32.3
Both;AGRI;A2024;2020T1;28.6
Both;AGRI;A2024;2019T4;28.8
Both;AGRI;A2024;2019T3;26.9
Both;AGRI;A2024;2019T2;35.1
Both;AGRI;A2024;2019T1;35.6
Both;AGRI;A2024;2018T4;32.6
Both;AGRI;A2024;2018T3;28.4
Both;AGRI;A2024;2018T2;39.3
Both;AGRI;A2024;2018T1;40.5
Both;AGRI;A2024;2017T4;37.5
Both;AGRI;A2024;2017T3;38.7
Both;AGRI;A2024;2017T2;39.7
Both;AGRI;A2024;2017T1;40.4
Both;AGRI;A2024;2016T4;33.6
Both;AGRI;A2024;2016T3;31.3
Both;AGRI;A2024;2016T2;39.2
Both;AGRI;A2024;2016T1;38.0
Both;AGRI;A2024;2015T4;37.6
Both;AGRI;A2024;2015T3;36.9
Both;AGRI;A2024;2015T2;39.7
Both;AGRI;A2024;2015T1;34.9
Both;AGRI;A2024;2014T4;36.6
Both;AGRI;A2024;2014T3;28.7
Both;AGRI;A2024;2014T2;30.0
Both;AGRI;A2024;2014T1;39.5
Both;AGRI;A2024;2013T4;40.6
Both;AGRI;A2024;2013T3;32.9
Both;AGRI;A2024;2013T2;36.4
Both;AGRI;A2024;2013T1;40.9
Both;AGRI;A2024;2012T4;44.1
Both;AGRI;A2024;2012T3;33.6
Both;AGRI;A2024;2012T2;30.5
Both;AGRI;A2024;2012T1;36.0
Both;AGRI;A2024;2011T4;38.1
Both;AGRI;A2024;2011T3;31.1
Both;AGRI;A2024;2011T2;30.9
Both;AGRI;A2024;2011T1;41.2
Both;AGRI;A2024;2010T4;46.8
Both;AGRI;A2024;2010T3;39.7
Both;AGRI;A2024;2010T2;38.3
Both;AGRI;A2024;2010T1;44.2
Both;AGRI;A2024;2009T4;43.1
Both;AGRI;A2024;2009T3;37.8
Both;AGRI;A2024;2009T2;35.6
Both;AGRI;A2024;2009T1;37.8
Both;AGRI;A2024;2008T4;40.9
Both;AGRI;A2024;2008T3;42.1
Both;AGRI;A2024;2008T2;42.8
Both;AGRI;A2024;2008T1;47.8
Both;IND;Total;2023T3;2824.9
Both;IND;Total;2023T2;2726.1
Both;IND;Total;2023T1;2790.6
Both;IND;Total;2022T4;2801.8
Both;IND;Total;2022T3;2809.8
Both;IND;Total;2022T2;2776.6
Both;IND;Total;2022T1;2697.1
Both;IND;Total;2021T4;2765.2
Both;IND;Total;2021T3;2728.1
Both;IND;Total;2021T2;2665.1
Both;IND;Total;2021T1;2642.2
Both;IND;Total;2020T4;2693.6
Both;IND;Total;2020T3;2687.7
Both;IND;Total;2020T2;2642.3
Both;IND;Total;2020T1;2769.3
Both;IND;Total;2019T4;2763.7
Both;IND;Total;2019T3;2815.8
Both;IND;Total;2019T2;2764.5
Both;IND;Total;2019T1;2708.5
Both;IND;Total;2018T4;2708.3
Both;IND;Total;2018T3;2725.7
Both;IND;Total;2018T2;2722.8
Both;IND;Total;2018T1;2676.4
Both;IND;Total;2017T4;2711.3
Both;IND;Total;2017T3;2670.7
Both;IND;Total;2017T2;2636.6
Both;IND;Total;2017T1;2570.9
Both;IND;Total;2016T4;2579.1
Both;IND;Total;2016T3;2531.3
Both;IND;Total;2016T2;2497.1
Both;IND;Total;2016T1;2481.4
Both;IND;Total;2015T4;2463.4
Both;IND;Total;2015T3;2518.9
Both;IND;Total;2015T2;2505.9
Both;IND;Total;2015T1;2441.1
Both;IND;Total;2014T4;2438.8
Both;IND;Total;2014T3;2427.1
Both;IND;Total;2014T2;2355.3
Both;IND;Total;2014T1;2298.6
Both;IND;Total;2013T4;2340.8
Both;IND;Total;2013T3;2345.1
Both;IND;Total;2013T2;2357.7
Both;IND;Total;2013T1;2378.5
Both;IND;Total;2012T4;2438.8
Both;IND;Total;2012T3;2496.7
Both;IND;Total;2012T2;2489.6
Both;IND;Total;2012T1;2509.7
Both;IND;Total;2011T4;2584.7
Both;IND;Total;2011T3;2632.4
Both;IND;Total;2011T2;2622.9
Both;IND;Total;2011T1;2578.8
Both;IND;Total;2010T4;2661.9
Both;IND;Total;2010T3;2645.3
Both;IND;Total;2010T2;2656.7
Both;IND;Total;2010T1;2637.9
Both;IND;Total;2009T4;2718.6
Both;IND;Total;2009T3;2752.0
Both;IND;Total;2009T2;2829.1
Both;IND;Total;2009T1;2930.6
Both;IND;Total;2008T4;3078.5
Both;IND;Total;2008T3;3231.1
Both;IND;Total;2008T2;3284.3
Both;IND;Total;2008T1;3352.8
Both;IND;A1619;2023T3;14.1
Both;IND;A1619;2023T2;11.9
Both;IND;A1619;2023T1;12.1
Both;IND;A1619;2022T4;18.4
Both;IND;A1619;2022T3;15.7
Both;IND;A1619;2022T2;11.1
Both;IND;A1619;2022T1;15.0
Both;IND;A1619;2021T4;13.4
Both;IND;A1619;2021T3;15.2
Both;IND;A1619;2021T2;8.0
Both;IND;A1619;2021T1;7.3
Both;IND;A1619;2020T4;8.3
Both;IND;A1619;2020T3;12.3
Both;IND;A1619;2020T2;6.7
Both;IND;A1619;2020T1;8.9
Both;IND;A1619;2019T4;11.5
Both;IND;A1619;2019T3;16.4
Both;IND;A1619;2019T2;13.2
Both;IND;A1619;2019T1;12.5
Both;IND;A1619;2018T4;13.5
Both;IND;A1619;2018T3;12.4
Both;IND;A1619;2018T2;10.6
Both;IND;A1619;2018T1;9.3
Both;IND;A1619;2017T4;12.5
Both;IND;A1619;2017T3;12.5
Both;IND;A1619;2017T2;8.7
Both;IND;A1619;2017T1;5.6
Both;IND;A1619;2016T4;8.1
Both;IND;A1619;2016T3;9.3
Both;IND;A1619;2016T2;6.1
Both;IND;A1619;2016T1;3.7
Both;IND;A1619;2015T4;5.4
Both;IND;A1619;2015T3;8.8
Both;IND;A1619;2015T2;7.1
Both;IND;A1619;2015T1;6.1
Both;IND;A1619;2014T4;8.5
Both;IND;A1619;2014T3;7.7
Both;IND;A1619;2014T2;6.3
Both;IND;A1619;2014T1;7.3
Both;IND;A1619;2013T4;3.8
Both;IND;A1619;2013T3;9.2
Both;IND;A1619;2013T2;8.3
Both;IND;A1619;2013T1;3.3
Both;IND;A1619;2012T4;4.4
Both;IND;A1619;2012T3;7.0
Both;IND;A1619;2012T2;7.4
Both;IND;A1619;2012T1;7.2
Both;IND;A1619;2011T4;8.5
Both;IND;A1619;2011T3;12.5
Both;IND;A1619;2011T2;11.3
Both;IND;A1619;2011T1;12.1
Both;IND;A1619;2010T4;12.3
Both;IND;A1619;2010T3;16.8
Both;IND;A1619;2010T2;19.3
Both;IND;A1619;2010T1;13.1
Both;IND;A1619;2009T4;15.5
Both;IND;A1619;2009T3;24.2
Both;IND;A1619;2009T2;26.0
Both;IND;A1619;2009T1;32.0
Both;IND;A1619;2008T4;38.5
Both;IND;A1619;2008T3;47.6
Both;IND;A1619;2008T2;50.6
Both;IND;A1619;2008T1;56.3
Both;IND;A2024;2023T3;117.8
Both;IND;A2024;2023T2;94.6
Both;IND;A2024;2023T1;105.3
Both;IND;A2024;2022T4;102.5
Both;IND;A2024;2022T3;122.6
Both;IND;A2024;2022T2;125.3
Both;IND;A2024;2022T1;100.8
Both;IND;A2024;2021T4;101.1
Both;IND;A2024;2021T3;101.3
Both;IND;A2024;2021T2;88.4
Both;IND;A2024;2021T1;82.9
Both;IND;A2024;2020T4;91.4
Both;IND;A2024;2020T3;86.9
Both;IND;A2024;2020T2;79.1
Both;IND;A2024;2020T1;98.5
Both;IND;A2024;2019T4;101.2
Both;IND;A2024;2019T3;102.2
Both;IND;A2024;2019T2;105.1
Both;IND;A2024;2019T1;95.9
Both;IND;A2024;2018T4;101.3
Both;IND;A2024;2018T3;106.7
Both;IND;A2024;2018T2;98.9
Both;IND;A2024;2018T1;99.6
Both;IND;A2024;2017T4;99.1
Both;IND;A2024;2017T3;99.0
Both;IND;A2024;2017T2;85.5
Both;IND;A2024;2017T1;87.4
Both;IND;A2024;2016T4;85.1
Both;IND;A2024;2016T3;92.5
Both;IND;A2024;2016T2;82.4
Both;IND;A2024;2016T1;80.5
Both;IND;A2024;2015T4;82.9
Both;IND;A2024;2015T3;79.8
Both;IND;A2024;2015T2;74.0
Both;IND;A2024;2015T1;66.9
Both;IND;A2024;2014T4;70.4
Both;IND;A2024;2014T3;67.9
Both;IND;A2024;2014T2;63.3
Both;IND;A2024;2014T1;63.9
Both;IND;A2024;2013T4;68.1
Both;IND;A2024;2013T3;74.5
Both;IND;A2024;2013T2;71.3
Both;IND;A2024;2013T1;71.1
Both;IND;A2024;2012T4;77.7
Both;IND;A2024;2012T3;93.4
Both;IND;A2024;2012T2;90.1
Both;IND;A2024;2012T1;85.7
Both;IND;A2024;2011T4;91.6
Both;IND;A2024;2011T3;101.1
Both;IND;A2024;2011T2;101.0
Both;IND;A2024;2011T1;110.5
Both;IND;A2024;2010T4;120.4
Both;IND;A2024;2010T3;121.9
Both;IND;A2024;2010T2;119.5
Both;IND;A2024;2010T1;124.7
Both;IND;A2024;2009T4;140.0
Both;IND;A2024;2009T3;143.9
Both;IND;A2024;2009T2;151.3
Both;IND;A2024;2009T1;182.1
Both;IND;A2024;2008T4;203.6
Both;IND;A2024;2008T3;233.9
Both;IND;A2024;2008T2;236.5
Both;IND;A2024;2008T1;246.2
Both;CONS;Total;2023T3;1378.5
Both;CONS;Total;2023T2;1359.0
Both;CONS;Total;2023T1;1298.1
Both;CONS;Total;2022T4;1300.8
Both;CONS;Total;2022T3;1328.8
Both;CONS;Total;2022T2;1338.2
Both;CONS;Total;2022T1;1316.3
Both;CONS;Total;2021T4;1285.9
Both;CONS;Total;2021T3;1293.6
Both;CONS;Total;2021T2;1324.8
Both;CONS;Total;2021T1;1261.8
Both;CONS;Total;2020T4;1280.2
Both;CONS;Total;2020T3;1249.3
Both;CONS;Total;2020T2;1169.0
Both;CONS;Total;2020T1;1277.8
Both;CONS;Total;2019T4;1283.9
Both;CONS;Total;2019T3;1269.9
Both;CONS;Total;2019T2;1276.4
Both;CONS;Total;2019T1;1281.4
Both;CONS;Total;2018T4;1279.9
Both;CONS;Total;2018T3;1240.2
Both;CONS;Total;2018T2;1215.2
Both;CONS;Total;2018T1;1151.9
Both;CONS;Total;2017T4;1143.7
Both;CONS;Total;2017T3;1154.6
Both;CONS;Total;2017T2;1133.6
Both;CONS;Total;2017T1;1081.4
Both;CONS;Total;2016T4;1079.3
Both;CONS;Total;2016T3;1107.2
Both;CONS;Total;2016T2;1077.2
Both;CONS;Total;2016T1;1031.7
Both;CONS;Total;2015T4;1058.5
Both;CONS;Total;2015T3;1082.6
Both;CONS;Total;2015T2;1092.9
Both;CONS;Total;2015T1;1060.6
Both;CONS;Total;2014T4;1030.4
Both;CONS;Total;2014T3;1022.5
Both;CONS;Total;2014T2;979.0
Both;CONS;Total;2014T1;942.1
Both;CONS;Total;2013T4;990.4
Both;CONS;Total;2013T3;1028.1
Both;CONS;Total;2013T2;1034.2
Both;CONS;Total;2013T1;1065.2
Both;CONS;Total;2012T4;1090.1
Both;CONS;Total;2012T3;1149.9
Both;CONS;Total;2012T2;1204.5
Both;CONS;Total;2012T1;1200.8
Both;CONS;Total;2011T4;1290.4
Both;CONS;Total;2011T3;1384.8
Both;CONS;Total;2011T2;1441.0
Both;CONS;Total;2011T1;1499.4
Both;CONS;Total;2010T4;1572.3
Both;CONS;Total;2010T3;1666.8
Both;CONS;Total;2010T2;1698.1
Both;CONS;Total;2010T1;1668.2
Both;CONS;Total;2009T4;1803.1
Both;CONS;Total;2009T3;1850.7
Both;CONS;Total;2009T2;1927.8
Both;CONS;Total;2009T1;1977.6
Both;CONS;Total;2008T4;2182.6
Both;CONS;Total;2008T3;2418.0
Both;CONS;Total;2008T2;2559.4
Both;CONS;Total;2008T1;2679.5
Both;CONS;A1619;2023T3;6.1
Both;CONS;A1619;2023T2;9.4
Both;CONS;A1619;2023T1;5.0
Both;CONS;A1619;2022T4;7.7
Both;CONS;A1619;2022T3;5.8
Both;CONS;A1619;2022T2;13.5
Both;CONS;A1619;2022T1;11.6
Both;CONS;A1619;2021T4;8.0
Both;CONS;A1619;2021T3;14.5
Both;CONS;A1619;2021T2;11.6
Both;CONS;A1619;2021T1;8.0
Both;CONS;A1619;2020T4;7.5
Both;CONS;A1619;2020T3;9.1
Both;CONS;A1619;2020T2;5.6
Both;CONS;A1619;2020T1;8.8
Both;CONS;A1619;2019T4;7.2
Both;CONS;A1619;2019T3;7.5
Both;CONS;A1619;2019T2;7.4
Both;CONS;A1619;2019T1;7.1
Both;CONS;A1619;2018T4;5.8
Both;CONS;A1619;2018T3;5.5
Both;CONS;A1619;2018T2;2.8
Both;CONS;A1619;2018T1;3.6
Both;CONS;A1619;2017T4;5.5
Both;CONS;A1619;2017T3;4.2
Both;CONS;A1619;2017T2;3.0
Both;CONS;A1619;2017T1;3.2
Both;CONS;A1619;2016T4;5.1
Both;CONS;A1619;2016T3;7.4
Both;CONS;A1619;2016T2;1.5
Both;CONS;A1619;2016T1;2.1
Both;CONS;A1619;2015T4;3.0
Both;CONS;A1619;2015T3;4.1
Both;CONS;A1619;2015T2;4.0
Both;CONS;A1619;2015T1;3.3
Both;CONS;A1619;2014T4;3.5
Both;CONS;A1619;2014T3;4.7
Both;CONS;A1619;2014T2;2.8
Both;CONS;A1619;2014T1;2.6
Both;CONS;A1619;2013T4;3.2
Both;CONS;A1619;2013T3;2.7
Both;CONS;A1619;2013T2;1.9
Both;CONS;A1619;2013T1;3.0
Both;CONS;A1619;2012T4;2.4
Both;CONS;A1619;2012T3;3.8
Both;CONS;A1619;2012T2;4.8
Both;CONS;A1619;2012T1;3.4
Both;CONS;A1619;2011T4;4.6
Both;CONS;A1619;2011T3;9.9
Both;CONS;A1619;2011T2;9.2
Both;CONS;A1619;2011T1;9.4
Both;CONS;A1619;2010T4;11.2
Both;CONS;A1619;2010T3;15.9
Both;CONS;A1619;2010T2;16.7
Both;CONS;A1619;2010T1;13.2
Both;CONS;A1619;2009T4;18.3
Both;CONS;A1619;2009T3;26.6
Both;CONS;A1619;2009T2;25.9
Both;CONS;A1619;2009T1;22.6
Both;CONS;A1619;2008T4;36.1
Both;CONS;A1619;2008T3;53.9
Both;CONS;A1619;2008T2;53.3
Both;CONS;A1619;2008T1;63.7
Both;CONS;A2024;2023T3;43.8
Both;CONS;A2024;2023T2;43.6
Both;CONS;A2024;2023T1;38.2
Both;CONS;A2024;2022T4;40.6
Both;CONS;A2024;2022T3;44.1
Both;CONS;A2024;2022T2;52.7
Both;CONS;A2024;2022T1;47.8
Both;CONS;A2024;2021T4;44.6
Both;CONS;A2024;2021T3;51.9
Both;CONS;A2024;2021T2;40.7
Both;CONS;A2024;2021T1;43.5
Both;CONS;A2024;2020T4;34.8
Both;CONS;A2024;2020T3;37.2
Both;CONS;A2024;2020T2;31.1
Both;CONS;A2024;2020T1;35.8
Both;CONS;A2024;2019T4;35.2
Both;CONS;A2024;2019T3;40.4
Both;CONS;A2024;2019T2;35.9
Both;CONS;A2024;2019T1;40.1
Both;CONS;A2024;2018T4;34.3
Both;CONS;A2024;2018T3;34.0
Both;CONS;A2024;2018T2;30.7
Both;CONS;A2024;2018T1;31.3
Both;CONS;A2024;2017T4;29.2
Both;CONS;A2024;2017T3;33.6
Both;CONS;A2024;2017T2;23.4
Both;CONS;A2024;2017T1;22.5
Both;CONS;A2024;2016T4;19.8
Both;CONS;A2024;2016T3;24.4
Both;CONS;A2024;2016T2;22.6
Both;CONS;A2024;2016T1;18.5
Both;CONS;A2024;2015T4;20.9
Both;CONS;A2024;2015T3;24.3
Both;CONS;A2024;2015T2;25.0
Both;CONS;A2024;2015T1;22.7
Both;CONS;A2024;2014T4;20.6
Both;CONS;A2024;2014T3;25.6
Both;CONS;A2024;2014T2;28.4
Both;CONS;A2024;2014T1;27.1
Both;CONS;A2024;2013T4;26.3
Both;CONS;A2024;2013T3;28.3
Both;CONS;A2024;2013T2;26.8
Both;CONS;A2024;2013T1;29.6
Both;CONS;A2024;2012T4;33.1
Both;CONS;A2024;2012T3;36.1
Both;CONS;A2024;2012T2;50.3
Both;CONS;A2024;2012T1;49.5
Both;CONS;A2024;2011T4;57.5
Both;CONS;A2024;2011T3;62.0
Both;CONS;A2024;2011T2;62.6
Both;CONS;A2024;2011T1;70.9
Both;CONS;A2024;2010T4;80.1
Both;CONS;A2024;2010T3;92.0
Both;CONS;A2024;2010T2;95.2
Both;CONS;A2024;2010T1;93.5
Both;CONS;A2024;2009T4;109.1
Both;CONS;A2024;2009T3;122.9
Both;CONS;A2024;2009T2;139.8
Both;CONS;A2024;2009T1;141.7
Both;CONS;A2024;2008T4;168.6
Both;CONS;A2024;2008T3;205.3
Both;CONS;A2024;2008T2;223.5
Both;CONS;A2024;2008T1;231.7
Both;SERV;Total;2023T3;16360.6
Both;SERV;Total;2023T2;16221.9
Both;SERV;Total;2023T1;15615.9
Both;SERV;Total;2022T4;15608.0
Both;SERV;Total;2022T3;15678.2
Both;SERV;Total;2022T2;15563.9
Both;SERV;Total;2022T1;15243.6
Both;SERV;Total;2021T4;15293.7
Both;SERV;Total;2021T3;15247.8
Both;SERV;Total;2021T2;14870.6
Both;SERV;Total;2021T1;14504.9
Both;SERV;Total;2020T4;14588.3
Both;SERV;Total;2020T3;14508.8
Both;SERV;Total;2020T2;14032.5
Both;SERV;Total;2020T1;14849.4
Both;SERV;Total;2019T4;15125.4
Both;SERV;Total;2019T3;15042.4
Both;SERV;Total;2019T2;14954.7
Both;SERV;Total;2019T1;14641.6
Both;SERV;Total;2018T4;14750.8
Both;SERV;Total;2018T3;14793.8
Both;SERV;Total;2018T2;14583.6
Both;SERV;Total;2018T1;14212.2
Both;SERV;Total;2017T4;14322.7
Both;SERV;Total;2017T3;14446.9
Both;SERV;Total;2017T2;14210.6
Both;SERV;Total;2017T1;13938.2
Both;SERV;Total;2016T4;14032.9
Both;SERV;Total;2016T3;14145.2
Both;SERV;Total;2016T2;13966.5
Both;SERV;Total;2016T1;13739.2
Both;SERV;Total;2015T4;13792.5
Both;SERV;Total;2015T3;13737.6
Both;SERV;Total;2015T2;13527.4
Both;SERV;Total;2015T1;13235.7
Both;SERV;Total;2014T4;13371.0
Both;SERV;Total;2014T3;13388.2
Both;SERV;Total;2014T2;13279.4
Both;SERV;Total;2014T1;12900.8
Both;SERV;Total;2013T4;13026.8
Both;SERV;Total;2013T3;13157.5
Both;SERV;Total;2013T2;13015.6
Both;SERV;Total;2013T1;12870.0
Both;SERV;Total;2012T4;13036.4
Both;SERV;Total;2012T3;13306.9
Both;SERV;Total;2012T2;13342.0
Both;SERV;Total;2012T1;13291.5
Both;SERV;Total;2011T4;13475.6
Both;SERV;Total;2011T3;13762.6
Both;SERV;Total;2011T2;13822.2
Both;SERV;Total;2011T1;13569.9
Both;SERV;Total;2010T4;13644.7
Both;SERV;Total;2010T3;13759.1
Both;SERV;Total;2010T2;13623.5
Both;SERV;Total;2010T1;13519.1
Both;SERV;Total;2009T4;13590.2
Both;SERV;Total;2009T3;13755.1
Both;SERV;Total;2009T2;13606.6
Both;SERV;Total;2009T1;13533.8
Both;SERV;Total;2008T4;13981.0
Both;SERV;Total;2008T3;14108.6
Both;SERV;Total;2008T2;13972.6
Both;SERV;Total;2008T1;13717.6
Both;SERV;A1619;2023T3;183.5
Both;SERV;A1619;2023T2;134.5
Both;SERV;A1619;2023T1;116.9
Both;SERV;A1619;2022T4;119.7
Both;SERV;A1619;2022T3;154.0
Both;SERV;A1619;2022T2;120.1
Both;SERV;A1619;2022T1;108.0
Both;SERV;A1619;2021T4;95.9
Both;SERV;A1619;2021T3;146.1
Both;SERV;A1619;2021T2;89.3
Both;SERV;A1619;2021T1;57.5
Both;SERV;A1619;2020T4;63.3
Both;SERV;A1619;2020T3;88.7
Both;SERV;A1619;2020T2;69.2
Both;SERV;A1619;2020T1;101.3
Both;SERV;A1619;2019T4;114.8
Both;SERV;A1619;2019T3;143.9
Both;SERV;A1619;2019T2;117.7
Both;SERV;A1619;2019T1;96.6
Both;SERV;A1619;2018T4;107.9
Both;SERV;A1619;2018T3;136.8
Both;SERV;A1619;2018T2;104.6
Both;SERV;A1619;2018T1;80.3
Both;SERV;A1619;2017T4;90.5
Both;SERV;A1619;2017T3;119.6
Both;SERV;A1619;2017T2;83.0
Both;SERV;A1619;2017T1;71.4
Both;SERV;A1619;2016T4;76.9
Both;SERV;A1619;2016T3;95.9
Both;SERV;A1619;2016T2;70.0
Both;SERV;A1619;2016T1;67.8
Both;SERV;A1619;2015T4;60.8
Both;SERV;A1619;2015T3;83.0
Both;SERV;A1619;2015T2;60.3
Both;SERV;A1619;2015T1;55.8
Both;SERV;A1619;2014T4;61.6
Both;SERV;A1619;2014T3;74.1
Both;SERV;A1619;2014T2;54.3
Both;SERV;A1619;2014T1;53.4
Both;SERV;A1619;2013T4;45.8
Both;SERV;A1619;2013T3;70.6
Both;SERV;A1619;2013T2;59.1
Both;SERV;A1619;2013T1;55.0
Both;SERV;A1619;2012T4;56.0
Both;SERV;A1619;2012T3;73.1
Both;SERV;A1619;2012T2;68.0
Both;SERV;A1619;2012T1;64.4
Both;SERV;A1619;2011T4;69.6
Both;SERV;A1619;2011T3;120.9
Both;SERV;A1619;2011T2;101.2
Both;SERV;A1619;2011T1;83.6
Both;SERV;A1619;2010T4;90.7
Both;SERV;A1619;2010T3;118.8
Both;SERV;A1619;2010T2;107.9
Both;SERV;A1619;2010T1;115.0
Both;SERV;A1619;2009T4;117.7
Both;SERV;A1619;2009T3;162.6
Both;SERV;A1619;2009T2;141.3
Both;SERV;A1619;2009T1;146.4
Both;SERV;A1619;2008T4;180.8
Both;SERV;A1619;2008T3;253.1
Both;SERV;A1619;2008T2;202.8
Both;SERV;A1619;2008T1;214.2
Both;SERV;A2024;2023T3;951.4
Both;SERV;A2024;2023T2;877.9
Both;SERV;A2024;2023T1;797.3
Both;SERV;A2024;2022T4;794.7
Both;SERV;A2024;2022T3;820.8
Both;SERV;A2024;2022T2;811.3
Both;SERV;A2024;2022T1;740.7
Both;SERV;A2024;2021T4;719.7
Both;SERV;A2024;2021T3;782.3
Both;SERV;A2024;2021T2;673.0
Both;SERV;A2024;2021T1;596.4
Both;SERV;A2024;2020T4;610.3
Both;SERV;A2024;2020T3;646.4
Both;SERV;A2024;2020T2;545.0
Both;SERV;A2024;2020T1;694.6
Both;SERV;A2024;2019T4;742.2
Both;SERV;A2024;2019T3;784.4
Both;SERV;A2024;2019T2;696.0
Both;SERV;A2024;2019T1;647.5
Both;SERV;A2024;2018T4;692.4
Both;SERV;A2024;2018T3;739.0
Both;SERV;A2024;2018T2;684.7
Both;SERV;A2024;2018T1;627.5
Both;SERV;A2024;2017T4;647.4
Both;SERV;A2024;2017T3;711.8
Both;SERV;A2024;2017T2;633.4
Both;SERV;A2024;2017T1;584.2
Both;SERV;A2024;2016T4;581.1
Both;SERV;A2024;2016T3;626.9
Both;SERV;A2024;2016T2;568.6
Both;SERV;A2024;2016T1;553.7
Both;SERV;A2024;2015T4;578.3
Both;SERV;A2024;2015T3;632.3
Both;SERV;A2024;2015T2;574.7
Both;SERV;A2024;2015T1;544.4
Both;SERV;A2024;2014T4;547.6
Both;SERV;A2024;2014T3;574.5
Both;SERV;A2024;2014T2;548.1
Both;SERV;A2024;2014T1;504.4
Both;SERV;A2024;2013T4;545.3
Both;SERV;A2024;2013T3;589.0
Both;SERV;A2024;2013T2;540.7
Both;SERV;A2024;2013T1;534.0
Both;SERV;A2024;2012T4;555.3
Both;SERV;A2024;2012T3;647.6
Both;SERV;A2024;2012T2;599.5
Both;SERV;A2024;2012T1;612.7
Both;SERV;A2024;2011T4;676.1
Both;SERV;A2024;2011T3;753.1
Both;SERV;A2024;2011T2;726.4
Both;SERV;A2024;2011T1;716.4
Both;SERV;A2024;2010T4;762.4
Both;SERV;A2024;2010T3;850.9
Both;SERV;A2024;2010T2;804.3
Both;SERV;A2024;2010T1;802.2
Both;SERV;A2024;2009T4;837.4
Both;SERV;A2024;2009T3;887.1
Both;SERV;A2024;2009T2;866.0
Both;SERV;A2024;2009T1;895.6
Both;SERV;A2024;2008T4;1003.7
Both;SERV;A2024;2008T3;1083.7
Both;SERV;A2024;2008T2;1026.7
Both;SERV;A2024;2008T1;993.7
Male;Total;Total;2023T3;11387.7
Male;Total;Total;2023T2;11257.1
Male;Total;Total;2023T1;10924.9
Male;Total;Total;2022T4;10977.7
Male;Total;Total;2022T3;11115.0
Male;Total;Total;2022T2;10976.6
Male;Total;Total;2022T1;10791.3
Male;Total;Total;2021T4;10830.9
Male;Total;Total;2021T3;10782.5
Male;Total;Total;2021T2;10608.5
Male;Total;Total;2021T1;10385.0
Male;Total;Total;2020T4;10469.8
Male;Total;Total;2020T3;10454.2
Male;Total;Total;2020T2;10133.4
Male;Total;Total;2020T1;10661.2
Male;Total;Total;2019T4;10808.6
Male;Total;Total;2019T3;10824.5
Male;Total;Total;2019T2;10750.2
Male;Total;Total;2019T1;10599.1
Male;Total;Total;2018T4;10653.1
Male;Total;Total;2018T3;10662.4
Male;Total;Total;2018T2;10528.3
Male;Total;Total;2018T1;10284.0
Male;Total;Total;2017T4;10339.2
Male;Total;Total;2017T3;10420.5
Male;Total;Total;2017T2;10256.9
Male;Total;Total;2017T1;10048.5
Male;Total;Total;2016T4;10071.9
Male;Total;Total;2016T3;10112.8
Male;Total;Total;2016T2;9971.1
Male;Total;Total;2016T1;9847.4
Male;Total;Total;2015T4;9863.3
Male;Total;Total;2015T3;9896.5
Male;Total;Total;2015T2;9761.4
Male;Total;Total;2015T1;9520.2
Male;Total;Total;2014T4;9558.3
Male;Total;Total;2014T3;9605.9
Male;Total;Total;2014T2;9441.0
Male;Total;Total;2014T1;9165.6
Male;Total;Total;2013T4;9306.8
Male;Total;Total;2013T3;9384.8
Male;Total;Total;2013T2;9333.2
Male;Total;Total;2013T1;9238.3
Male;Total;Total;2012T4;9435.7
Male;Total;Total;2012T3;9645.8
Male;Total;Total;2012T2;9663.1
Male;Total;Total;2012T1;9688.0
Male;Total;Total;2011T4;9980.3
Male;Total;Total;2011T3;10204.0
Male;Total;Total;2011T2;10229.1
Male;Total;Total;2011T1;10196.5
Male;Total;Total;2010T4;10341.1
Male;Total;Total;2010T3;10514.1
Male;Total;Total;2010T2;10470.2
Male;Total;Total;2010T1;10369.3
Male;Total;Total;2009T4;10550.8
Male;Total;Total;2009T3;10705.3
Male;Total;Total;2009T2;10777.1
Male;Total;Total;2009T1;10899.2
Male;Total;Total;2008T4;11414.9
Male;Total;Total;2008T3;11841.6
Male;Total;Total;2008T2;11950.2
Male;Total;Total;2008T1;12014.0
Male;Total;A1619;2023T3;119.6
Male;Total;A1619;2023T2;90.7
Male;Total;A1619;2023T1;74.1
Male;Total;A1619;2022T4;88.4
Male;Total;A1619;2022T3;98.7
Male;Total;A1619;2022T2;82.1
Male;Total;A1619;2022T1;81.4
Male;Total;A1619;2021T4;67.3
Male;Total;A1619;2021T3;96.3
Male;Total;A1619;2021T2;72.6
Male;Total;A1619;2021T1;50.4
Male;Total;A1619;2020T4;59.1
Male;Total;A1619;2020T3;79.6
Male;Total;A1619;2020T2;61.1
Male;Total;A1619;2020T1;84.3
Male;Total;A1619;2019T4;89.5
Male;Total;A1619;2019T3;103.4
Male;Total;A1619;2019T2;88.0
Male;Total;A1619;2019T1;79.6
Male;Total;A1619;2018T4;76.6
Male;Total;A1619;2018T3;93.8
Male;Total;A1619;2018T2;75.3
Male;Total;A1619;2018T1;58.5
Male;Total;A1619;2017T4;68.4
Male;Total;A1619;2017T3;84.2
Male;Total;A1619;2017T2;66.8
Male;Total;A1619;2017T1;60.1
Male;Total;A1619;2016T4;60.5
Male;Total;A1619;2016T3;70.2
Male;Total;A1619;2016T2;52.0
Male;Total;A1619;2016T1;44.4
Male;Total;A1619;2015T4;50.7
Male;Total;A1619;2015T3;64.9
Male;Total;A1619;2015T2;49.1
Male;Total;A1619;2015T1;42.8
Male;Total;A1619;2014T4;49.9
Male;Total;A1619;2014T3;56.3
Male;Total;A1619;2014T2;44.5
Male;Total;A1619;2014T1;44.0
Male;Total;A1619;2013T4;38.0
Male;Total;A1619;2013T3;52.1
Male;Total;A1619;2013T2;51.8
Male;Total;A1619;2013T1;40.5
Male;Total;A1619;2012T4;40.0
Male;Total;A1619;2012T3;54.4
Male;Total;A1619;2012T2;49.2
Male;Total;A1619;2012T1;48.2
Male;Total;A1619;2011T4;53.2
Male;Total;A1619;2011T3;86.8
Male;Total;A1619;2011T2;70.6
Male;Total;A1619;2011T1;69.5
Male;Total;A1619;2010T4;74.4
Male;Total;A1619;2010T3;97.4
Male;Total;A1619;2010T2;96.8
Male;Total;A1619;2010T1;97.6
Male;Total;A1619;2009T4;104.0
Male;Total;A1619;2009T3;135.3
Male;Total;A1619;2009T2;124.9
Male;Total;A1619;2009T1;132.6
Male;Total;A1619;2008T4;157.5
Male;Total;A1619;2008T3;223.7
Male;Total;A1619;2008T2;204.5
Male;Total;A1619;2008T1;225.1
Male;Total;A2024;2023T3;605.5
Male;Total;A2024;2023T2;573.3
Male;Total;A2024;2023T1;528.9
Male;Total;A2024;2022T4;529.9
Male;Total;A2024;2022T3;576.8
Male;Total;A2024;2022T2;555.8
Male;Total;A2024;2022T1;492.2
Male;Total;A2024;2021T4;481.8
Male;Total;A2024;2021T3;525.6
Male;Total;A2024;2021T2;452.7
Male;Total;A2024;2021T1;422.4
Male;Total;A2024;2020T4;417.2
Male;Total;A2024;2020T3;438.9
Male;Total;A2024;2020T2;384.4
Male;Total;A2024;2020T1;468.5
Male;Total;A2024;2019T4;503.7
Male;Total;A2024;2019T3;534.6
Male;Total;A2024;2019T2;483.8
Male;Total;A2024;2019T1;442.8
Male;Total;A2024;2018T4;459.2
Male;Total;A2024;2018T3;484.0
Male;Total;A2024;2018T2;453.3
Male;Total;A2024;2018T1;421.6
Male;Total;A2024;2017T4;422.7
Male;Total;A2024;2017T3;464.0
Male;Total;A2024;2017T2;404.1
Male;Total;A2024;2017T1;382.4
Male;Total;A2024;2016T4;382.3
Male;Total;A2024;2016T3;405.9
Male;Total;A2024;2016T2;384.7
Male;Total;A2024;2016T1;380.1
Male;Total;A2024;2015T4;387.8
Male;Total;A2024;2015T3;402.2
Male;Total;A2024;2015T2;362.6
Male;Total;A2024;2015T1;346.5
Male;Total;A2024;2014T4;351.5
Male;Total;A2024;2014T3;368.0
Male;Total;A2024;2014T2;349.0
Male;Total;A2024;2014T1;329.0
Male;Total;A2024;2013T4;353.8
Male;Total;A2024;2013T3;383.8
Male;Total;A2024;2013T2;349.5
Male;Total;A2024;2013T1;335.4
Male;Total;A2024;2012T4;363.2
Male;Total;A2024;2012T3;420.9
Male;Total;A2024;2012T2;389.0
Male;Total;A2024;2012T1;388.3
Male;Total;A2024;2011T4;433.0
Male;Total;A2024;2011T3;480.8
Male;Total;A2024;2011T2;461.4
Male;Total;A2024;2011T1;469.6
Male;Total;A2024;2010T4;514.0
Male;Total;A2024;2010T3;571.1
Male;Total;A2024;2010T2;551.9
Male;Total;A2024;2010T1;537.6
Male;Total;A2024;2009T4;579.6
Male;Total;A2024;2009T3;624.8
Male;Total;A2024;2009T2;623.0
Male;Total;A2024;2009T1;669.0
Male;Total;A2024;2008T4;757.1
Male;Total;A2024;2008T3;852.6
Male;Total;A2024;2008T2;837.8
Male;Total;A2024;2008T1;845.7
Male;AGRI;Total;2023T3;534.4
Male;AGRI;Total;2023T2;567.7
Male;AGRI;Total;2023T1;567.1
Male;AGRI;Total;2022T4;574.0
Male;AGRI;Total;2022T3;566.4
Male;AGRI;Total;2022T2;613.8
Male;AGRI;Total;2022T1;628.8
Male;AGRI;Total;2021T4;637.1
Male;AGRI;Total;2021T3;590.7
Male;AGRI;Total;2021T2;601.3
Male;AGRI;Total;2021T1;613.8
Male;AGRI;Total;2020T4;603.2
Male;AGRI;Total;2020T3;581.2
Male;AGRI;Total;2020T2;584.2
Male;AGRI;Total;2020T1;606.9
Male;AGRI;Total;2019T4;618.5
Male;AGRI;Total;2019T3;577.4
Male;AGRI;Total;2019T2;618.8
Male;AGRI;Total;2019T1;634.6
Male;AGRI;Total;2018T4;630.4
Male;AGRI;Total;2018T3;593.4
Male;AGRI;Total;2018T2;624.3
Male;AGRI;Total;2018T1;637.5
Male;AGRI;Total;2017T4;625.4
Male;AGRI;Total;2017T3;597.8
Male;AGRI;Total;2017T2;630.1
Male;AGRI;Total;2017T1;645.3
Male;AGRI;Total;2016T4;626.8
Male;AGRI;Total;2016T3;572.2
Male;AGRI;Total;2016T2;585.5
Male;AGRI;Total;2016T1;599.0
Male;AGRI;Total;2015T4;612.0
Male;AGRI;Total;2015T3;539.7
Male;AGRI;Total;2015T2;557.0
Male;AGRI;Total;2015T1;554.6
Male;AGRI;Total;2014T4;559.3
Male;AGRI;Total;2014T3;513.0
Male;AGRI;Total;2014T2;558.0
Male;AGRI;Total;2014T1;603.4
Male;AGRI;Total;2013T4;589.0
Male;AGRI;Total;2013T3;542.7
Male;AGRI;Total;2013T2;567.4
Male;AGRI;Total;2013T1;545.3
Male;AGRI;Total;2012T4;575.1
Male;AGRI;Total;2012T3;524.5
Male;AGRI;Total;2012T2;535.8
Male;AGRI;Total;2012T1;563.1
Male;AGRI;Total;2011T4;592.9
Male;AGRI;Total;2011T3;521.7
Male;AGRI;Total;2011T2;541.0
Male;AGRI;Total;2011T1;574.3
Male;AGRI;Total;2010T4;592.5
Male;AGRI;Total;2010T3;568.5
Male;AGRI;Total;2010T2;575.1
Male;AGRI;Total;2010T1;596.2
Male;AGRI;Total;2009T4;575.9
Male;AGRI;Total;2009T3;556.5
Male;AGRI;Total;2009T2;585.7
Male;AGRI;Total;2009T1;613.5
Male;AGRI;Total;2008T4;599.8
Male;AGRI;Total;2008T3;596.7
Male;AGRI;Total;2008T2;597.8
Male;AGRI;Total;2008T1;627.8
Male;AGRI;A1619;2023T3;7.3
Male;AGRI;A1619;2023T2;5.8
Male;AGRI;A1619;2023T1;3.0
Male;AGRI;A1619;2022T4;6.7
Male;AGRI;A1619;2022T3;6.2
Male;AGRI;A1619;2022T2;5.9
Male;AGRI;A1619;2022T1;4.9
Male;AGRI;A1619;2021T4;3.7
Male;AGRI;A1619;2021T3;5.8
Male;AGRI;A1619;2021T2;7.1
Male;AGRI;A1619;2021T1;6.8
Male;AGRI;A1619;2020T4;7.0
Male;AGRI;A1619;2020T3;6.9
Male;AGRI;A1619;2020T2;7.6
Male;AGRI;A1619;2020T1;9.7
Male;AGRI;A1619;2019T4;11.1
Male;AGRI;A1619;2019T3;9.0
Male;AGRI;A1619;2019T2;8.4
Male;AGRI;A1619;2019T1;8.9
Male;AGRI;A1619;2018T4;5.4
Male;AGRI;A1619;2018T3;8.8
Male;AGRI;A1619;2018T2;10.3
Male;AGRI;A1619;2018T1;8.7
Male;AGRI;A1619;2017T4;9.4
Male;AGRI;A1619;2017T3;9.1
Male;AGRI;A1619;2017T2;13.1
Male;AGRI;A1619;2017T1;12.2
Male;AGRI;A1619;2016T4;6.7
Male;AGRI;A1619;2016T3;6.6
Male;AGRI;A1619;2016T2;6.0
Male;AGRI;A1619;2016T1;5.8
Male;AGRI;A1619;2015T4;9.7
Male;AGRI;A1619;2015T3;9.3
Male;AGRI;A1619;2015T2;5.0
Male;AGRI;A1619;2015T1;5.2
Male;AGRI;A1619;2014T4;7.0
Male;AGRI;A1619;2014T3;5.2
Male;AGRI;A1619;2014T2;7.3
Male;AGRI;A1619;2014T1;8.4
Male;AGRI;A1619;2013T4;7.7
Male;AGRI;A1619;2013T3;5.7
Male;AGRI;A1619;2013T2;5.5
Male;AGRI;A1619;2013T1;5.0
Male;AGRI;A1619;2012T4;4.4
Male;AGRI;A1619;2012T3;7.8
Male;AGRI;A1619;2012T2;5.3
Male;AGRI;A1619;2012T1;9.9
Male;AGRI;A1619;2011T4;8.2
Male;AGRI;A1619;2011T3;9.8
Male;AGRI;A1619;2011T2;8.3
Male;AGRI;A1619;2011T1;8.8
Male;AGRI;A1619;2010T4;9.1
Male;AGRI;A1619;2010T3;9.6
Male;AGRI;A1619;2010T2;10.7
Male;AGRI;A1619;2010T1;15.1
Male;AGRI;A1619;2009T4;9.4
Male;AGRI;A1619;2009T3;10.6
Male;AGRI;A1619;2009T2;11.5
Male;AGRI;A1619;2009T1;13.6
Male;AGRI;A1619;2008T4;11.1
Male;AGRI;A1619;2008T3;12.7
Male;AGRI;A1619;2008T2;10.9
Male;AGRI;A1619;2008T1;13.3
Male;AGRI;A2024;2023T3;16.0
Male;AGRI;A2024;2023T2;23.2
Male;AGRI;A2024;2023T1;22.8
Male;AGRI;A2024;2022T4;24.9
Male;AGRI;A2024;2022T3;26.2
Male;AGRI;A2024;2022T2;27.1
Male;AGRI;A2024;2022T1;24.3
Male;AGRI;A2024;2021T4;28.6
Male;AGRI;A2024;2021T3;31.6
Male;AGRI;A2024;2021T2;30.7
Male;AGRI;A2024;2021T1;35.2
Male;AGRI;A2024;2020T4;25.2
Male;AGRI;A2024;2020T3;23.6
Male;AGRI;A2024;2020T2;24.2
Male;AGRI;A2024;2020T1;25.6
Male;AGRI;A2024;2019T4;25.0
Male;AGRI;A2024;2019T3;23.4
Male;AGRI;A2024;2019T2;28.8
Male;AGRI;A2024;2019T1;30.6
Male;AGRI;A2024;2018T4;27.0
Male;AGRI;A2024;2018T3;24.8
Male;AGRI;A2024;2018T2;32.7
Male;AGRI;A2024;2018T1;34.7
Male;AGRI;A2024;2017T4;33.6
Male;AGRI;A2024;2017T3;34.0
Male;AGRI;A2024;2017T2;35.3
Male;AGRI;A2024;2017T1;37.9
Male;AGRI;A2024;2016T4;31.0
Male;AGRI;A2024;2016T3;27.0
Male;AGRI;A2024;2016T2;33.6
Male;AGRI;A2024;2016T1;31.2
Male;AGRI;A2024;2015T4;33.2
Male;AGRI;A2024;2015T3;27.7
Male;AGRI;A2024;2015T2;32.1
Male;AGRI;A2024;2015T1;26.4
Male;AGRI;A2024;2014T4;28.4
Male;AGRI;A2024;2014T3;22.3
Male;AGRI;A2024;2014T2;24.5
Male;AGRI;A2024;2014T1;30.0
Male;AGRI;A2024;2013T4;30.8
Male;AGRI;A2024;2013T3;28.5
Male;AGRI;A2024;2013T2;31.4
Male;AGRI;A2024;2013T1;32.0
Male;AGRI;A2024;2012T4;31.5
Male;AGRI;A2024;2012T3;25.2
Male;AGRI;A2024;2012T2;23.0
Male;AGRI;A2024;2012T1;28.0
Male;AGRI;A2024;2011T4;32.2
Male;AGRI;A2024;2011T3;25.1
Male;AGRI;A2024;2011T2;23.9
Male;AGRI;A2024;2011T1;30.1
Male;AGRI;A2024;2010T4;33.0
Male;AGRI;A2024;2010T3;30.5
Male;AGRI;A2024;2010T2;28.4
Male;AGRI;A2024;2010T1;32.7
Male;AGRI;A2024;2009T4;31.5
Male;AGRI;A2024;2009T3;29.5
Male;AGRI;A2024;2009T2;28.8
Male;AGRI;A2024;2009T1;29.7
Male;AGRI;A2024;2008T4;32.1
Male;AGRI;A2024;2008T3;32.9
Male;AGRI;A2024;2008T2;30.6
Male;AGRI;A2024;2008T1;34.5
Male;IND;Total;2023T3;2023.1
Male;IND;Total;2023T2;1957.4
Male;IND;Total;2023T1;2032.5
Male;IND;Total;2022T4;2007.9
Male;IND;Total;2022T3;2026.7
Male;IND;Total;2022T2;2001.3
Male;IND;Total;2022T1;1984.9
Male;IND;Total;2021T4;2053.7
Male;IND;Total;2021T3;2009.9
Male;IND;Total;2021T2;1967.0
Male;IND;Total;2021T1;1941.3
Male;IND;Total;2020T4;1942.4
Male;IND;Total;2020T3;1963.2
Male;IND;Total;2020T2;1911.7
Male;IND;Total;2020T1;2015.6
Male;IND;Total;2019T4;2005.4
Male;IND;Total;2019T3;2069.9
Male;IND;Total;2019T2;2030.3
Male;IND;Total;2019T1;1983.7
Male;IND;Total;2018T4;2010.4
Male;IND;Total;2018T3;2020.0
Male;IND;Total;2018T2;2015.3
Male;IND;Total;2018T1;1994.3
Male;IND;Total;2017T4;2027.8
Male;IND;Total;2017T3;2001.9
Male;IND;Total;2017T2;1980.3
Male;IND;Total;2017T1;1937.2
Male;IND;Total;2016T4;1946.6
Male;IND;Total;2016T3;1912.0
Male;IND;Total;2016T2;1883.2
Male;IND;Total;2016T1;1866.6
Male;IND;Total;2015T4;1839.1
Male;IND;Total;2015T3;1895.2
Male;IND;Total;2015T2;1872.6
Male;IND;Total;2015T1;1832.9
Male;IND;Total;2014T4;1825.4
Male;IND;Total;2014T3;1836.6
Male;IND;Total;2014T2;1782.7
Male;IND;Total;2014T1;1736.1
Male;IND;Total;2013T4;1777.2
Male;IND;Total;2013T3;1763.0
Male;IND;Total;2013T2;1793.1
Male;IND;Total;2013T1;1777.7
Male;IND;Total;2012T4;1824.4
Male;IND;Total;2012T3;1859.0
Male;IND;Total;2012T2;1856.2
Male;IND;Total;2012T1;1878.3
Male;IND;Total;2011T4;1957.2
Male;IND;Total;2011T3;1995.9
Male;IND;Total;2011T2;1989.9
Male;IND;Total;2011T1;1950.9
Male;IND;Total;2010T4;2001.7
Male;IND;Total;2010T3;1999.8
Male;IND;Total;2010T2;2001.9
Male;IND;Total;2010T1;1985.4
Male;IND;Total;2009T4;2027.5
Male;IND;Total;2009T3;2065.8
Male;IND;Total;2009T2;2133.9
Male;IND;Total;2009T1;2218.9
Male;IND;Total;2008T4;2333.5
Male;IND;Total;2008T3;2442.3
Male;IND;Total;2008T2;2481.4
Male;IND;Total;2008T1;2507.6
Male;IND;A1619;2023T3;12.5
Male;IND;A1619;2023T2;9.9
Male;IND;A1619;2023T1;9.8
Male;IND;A1619;2022T4;14.8
Male;IND;A1619;2022T3;12.1
Male;IND;A1619;2022T2;8.8
Male;IND;A1619;2022T1;11.2
Male;IND;A1619;2021T4;9.3
Male;IND;A1619;2021T3;13.2
Male;IND;A1619;2021T2;7.5
Male;IND;A1619;2021T1;6.4
Male;IND;A1619;2020T4;6.8
Male;IND;A1619;2020T3;11.0
Male;IND;A1619;2020T2;5.0
Male;IND;A1619;2020T1;7.9
Male;IND;A1619;2019T4;10.4
Male;IND;A1619;2019T3;13.3
Male;IND;A1619;2019T2;11.2
Male;IND;A1619;2019T1;11.8
Male;IND;A1619;2018T4;12.2
Male;IND;A1619;2018T3;10.9
Male;IND;A1619;2018T2;8.2
Male;IND;A1619;2018T1;7.1
Male;IND;A1619;2017T4;10.4
Male;IND;A1619;2017T3;10.9
Male;IND;A1619;2017T2;8.1
Male;IND;A1619;2017T1;5.0
Male;IND;A1619;2016T4;7.0
Male;IND;A1619;2016T3;7.3
Male;IND;A1619;2016T2;5.1
Male;IND;A1619;2016T1;3.2
Male;IND;A1619;2015T4;5.1
Male;IND;A1619;2015T3;8.1
Male;IND;A1619;2015T2;5.8
Male;IND;A1619;2015T1;3.2
Male;IND;A1619;2014T4;5.5
Male;IND;A1619;2014T3;6.5
Male;IND;A1619;2014T2;5.8
Male;IND;A1619;2014T1;5.8
Male;IND;A1619;2013T4;2.8
Male;IND;A1619;2013T3;7.1
Male;IND;A1619;2013T2;6.8
Male;IND;A1619;2013T1;2.7
Male;IND;A1619;2012T4;4.1
Male;IND;A1619;2012T3;6.3
Male;IND;A1619;2012T2;6.0
Male;IND;A1619;2012T1;4.8
Male;IND;A1619;2011T4;6.5
Male;IND;A1619;2011T3;11.1
Male;IND;A1619;2011T2;9.2
Male;IND;A1619;2011T1;11.2
Male;IND;A1619;2010T4;8.8
Male;IND;A1619;2010T3;12.8
Male;IND;A1619;2010T2;16.6
Male;IND;A1619;2010T1;10.9
Male;IND;A1619;2009T4;13.1
Male;IND;A1619;2009T3;20.4
Male;IND;A1619;2009T2;22.8
Male;IND;A1619;2009T1;27.7
Male;IND;A1619;2008T4;32.6
Male;IND;A1619;2008T3;40.8
Male;IND;A1619;2008T2;44.0
Male;IND;A1619;2008T1;46.0
Male;IND;A2024;2023T3;86.4
Male;IND;A2024;2023T2;68.7
Male;IND;A2024;2023T1;85.6
Male;IND;A2024;2022T4;76.8
Male;IND;A2024;2022T3;93.7
Male;IND;A2024;2022T2;97.7
Male;IND;A2024;2022T1;77.9
Male;IND;A2024;2021T4;76.9
Male;IND;A2024;2021T3;76.3
Male;IND;A2024;2021T2;72.2
Male;IND;A2024;2021T1;62.0
Male;IND;A2024;2020T4;64.2
Male;IND;A2024;2020T3;62.2
Male;IND;A2024;2020T2;61.1
Male;IND;A2024;2020T1;73.5
Male;IND;A2024;2019T4;77.2
Male;IND;A2024;2019T3;83.4
Male;IND;A2024;2019T2;85.6
Male;IND;A2024;2019T1;72.3
Male;IND;A2024;2018T4;77.5
Male;IND;A2024;2018T3;84.2
Male;IND;A2024;2018T2;78.3
Male;IND;A2024;2018T1;78.8
Male;IND;A2024;2017T4;74.4
Male;IND;A2024;2017T3;73.8
Male;IND;A2024;2017T2;63.7
Male;IND;A2024;2017T1;67.9
Male;IND;A2024;2016T4;66.5
Male;IND;A2024;2016T3;75.0
Male;IND;A2024;2016T2;66.8
Male;IND;A2024;2016T1;63.5
Male;IND;A2024;2015T4;62.3
Male;IND;A2024;2015T3;58.4
Male;IND;A2024;2015T2;55.2
Male;IND;A2024;2015T1;52.7
Male;IND;A2024;2014T4;54.4
Male;IND;A2024;2014T3;52.9
Male;IND;A2024;2014T2;51.0
Male;IND;A2024;2014T1;48.8
Male;IND;A2024;2013T4;52.5
Male;IND;A2024;2013T3;55.0
Male;IND;A2024;2013T2;52.7
Male;IND;A2024;2013T1;52.4
Male;IND;A2024;2012T4;60.7
Male;IND;A2024;2012T3;68.2
Male;IND;A2024;2012T2;65.5
Male;IND;A2024;2012T1;62.2
Male;IND;A2024;2011T4;68.9
Male;IND;A2024;2011T3;77.0
Male;IND;A2024;2011T2;76.9
Male;IND;A2024;2011T1;82.0
Male;IND;A2024;2010T4;91.8
Male;IND;A2024;2010T3;92.3
Male;IND;A2024;2010T2;89.7
Male;IND;A2024;2010T1;96.8
Male;IND;A2024;2009T4;111.5
Male;IND;A2024;2009T3;109.6
Male;IND;A2024;2009T2;113.7
Male;IND;A2024;2009T1;132.3
Male;IND;A2024;2008T4;148.0
Male;IND;A2024;2008T3;173.3
Male;IND;A2024;2008T2;174.5
Male;IND;A2024;2008T1;183.5
Male;CONS;Total;2023T3;1255.0
Male;CONS;Total;2023T2;1240.0
Male;CONS;Total;2023T1;1185.2
Male;CONS;Total;2022T4;1191.5
Male;CONS;Total;2022T3;1209.5
Male;CONS;Total;2022T2;1199.4
Male;CONS;Total;2022T1;1182.6
Male;CONS;Total;2021T4;1155.7
Male;CONS;Total;2021T3;1158.6
Male;CONS;Total;2021T2;1203.1
Male;CONS;Total;2021T1;1154.2
Male;CONS;Total;2020T4;1181.3
Male;CONS;Total;2020T3;1142.7
Male;CONS;Total;2020T2;1072.8
Male;CONS;Total;2020T1;1172.0
Male;CONS;Total;2019T4;1176.3
Male;CONS;Total;2019T3;1151.7
Male;CONS;Total;2019T2;1158.1
Male;CONS;Total;2019T1;1169.0
Male;CONS;Total;2018T4;1164.3
Male;CONS;Total;2018T3;1133.0
Male;CONS;Total;2018T2;1108.8
Male;CONS;Total;2018T1;1055.9
Male;CONS;Total;2017T4;1042.4
Male;CONS;Total;2017T3;1050.8
Male;CONS;Total;2017T2;1037.1
Male;CONS;Total;2017T1;986.5
Male;CONS;Total;2016T4;992.6
Male;CONS;Total;2016T3;1016.3
Male;CONS;Total;2016T2;994.5
Male;CONS;Total;2016T1;953.3
Male;CONS;Total;2015T4;980.2
Male;CONS;Total;2015T3;1000.9
Male;CONS;Total;2015T2;1009.7
Male;CONS;Total;2015T1;975.8
Male;CONS;Total;2014T4;945.0
Male;CONS;Total;2014T3;935.1
Male;CONS;Total;2014T2;897.5
Male;CONS;Total;2014T1;863.2
Male;CONS;Total;2013T4;910.9
Male;CONS;Total;2013T3;944.9
Male;CONS;Total;2013T2;949.4
Male;CONS;Total;2013T1;964.4
Male;CONS;Total;2012T4;992.4
Male;CONS;Total;2012T3;1049.2
Male;CONS;Total;2012T2;1101.9
Male;CONS;Total;2012T1;1106.2
Male;CONS;Total;2011T4;1190.6
Male;CONS;Total;2011T3;1281.8
Male;CONS;Total;2011T2;1335.8
Male;CONS;Total;2011T1;1380.8
Male;CONS;Total;2010T4;1443.1
Male;CONS;Total;2010T3;1531.6
Male;CONS;Total;2010T2;1551.8
Male;CONS;Total;2010T1;1514.5
Male;CONS;Total;2009T4;1658.2
Male;CONS;Total;2009T3;1710.5
Male;CONS;Total;2009T2;1781.0
Male;CONS;Total;2009T1;1814.8
Male;CONS;Total;2008T4;2016.1
Male;CONS;Total;2008T3;2241.3
Male;CONS;Total;2008T2;2375.6
Male;CONS;Total;2008T1;2496.1
Male;CONS;A1619;2023T3;6.1
Male;CONS;A1619;2023T2;9.0
Male;CONS;A1619;2023T1;5.0
Male;CONS;A1619;2022T4;7.6
Male;CONS;A1619;2022T3;5.2
Male;CONS;A1619;2022T2;11.8
Male;CONS;A1619;2022T1;9.9
Male;CONS;A1619;2021T4;6.4
Male;CONS;A1619;2021T3;11.1
Male;CONS;A1619;2021T2;10.3
Male;CONS;A1619;2021T1;6.7
Male;CONS;A1619;2020T4;7.5
Male;CONS;A1619;2020T3;8.7
Male;CONS;A1619;2020T2;5.6
Male;CONS;A1619;2020T1;8.6
Male;CONS;A1619;2019T4;7.2
Male;CONS;A1619;2019T3;7.0
Male;CONS;A1619;2019T2;7.4
Male;CONS;A1619;2019T1;7.1
Male;CONS;A1619;2018T4;5.8
Male;CONS;A1619;2018T3;5.5
Male;CONS;A1619;2018T2;2.7
Male;CONS;A1619;2018T1;3.6
Male;CONS;A1619;2017T4;5.5
Male;CONS;A1619;2017T3;4.2
Male;CONS;A1619;2017T2;2.8
Male;CONS;A1619;2017T1;3.0
Male;CONS;A1619;2016T4;4.9
Male;CONS;A1619;2016T3;7.2
Male;CONS;A1619;2016T2;1.5
Male;CONS;A1619;2016T1;2.1
Male;CONS;A1619;2015T4;3.0
Male;CONS;A1619;2015T3;4.1
Male;CONS;A1619;2015T2;4.0
Male;CONS;A1619;2015T1;3.3
Male;CONS;A1619;2014T4;3.5
Male;CONS;A1619;2014T3;4.7
Male;CONS;A1619;2014T2;2.8
Male;CONS;A1619;2014T1;2.6
Male;CONS;A1619;2013T4;3.2
Male;CONS;A1619;2013T3;2.3
Male;CONS;A1619;2013T2;1.7
Male;CONS;A1619;2013T1;2.6
Male;CONS;A1619;2012T4;2.4
Male;CONS;A1619;2012T3;3.8
Male;CONS;A1619;2012T2;4.8
Male;CONS;A1619;2012T1;3.1
Male;CONS;A1619;2011T4;4.4
Male;CONS;A1619;2011T3;9.5
Male;CONS;A1619;2011T2;8.6
Male;CONS;A1619;2011T1;8.8
Male;CONS;A1619;2010T4;10.2
Male;CONS;A1619;2010T3;15.0
Male;CONS;A1619;2010T2;14.9
Male;CONS;A1619;2010T1;12.6
Male;CONS;A1619;2009T4;17.8
Male;CONS;A1619;2009T3;25.9
Male;CONS;A1619;2009T2;24.7
Male;CONS;A1619;2009T1;21.7
Male;CONS;A1619;2008T4;35.3
Male;CONS;A1619;2008T3;52.3
Male;CONS;A1619;2008T2;50.9
Male;CONS;A1619;2008T1;60.6
Male;CONS;A2024;2023T3;40.8
Male;CONS;A2024;2023T2;39.5
Male;CONS;A2024;2023T1;36.5
Male;CONS;A2024;2022T4;37.1
Male;CONS;A2024;2022T3;39.9
Male;CONS;A2024;2022T2;48.9
Male;CONS;A2024;2022T1;44.3
Male;CONS;A2024;2021T4;42.3
Male;CONS;A2024;2021T3;48.9
Male;CONS;A2024;2021T2;40.2
Male;CONS;A2024;2021T1;41.3
Male;CONS;A2024;2020T4;32.8
Male;CONS;A2024;2020T3;34.9
Male;CONS;A2024;2020T2;30.0
Male;CONS;A2024;2020T1;34.4
Male;CONS;A2024;2019T4;33.4
Male;CONS;A2024;2019T3;38.3
Male;CONS;A2024;2019T2;33.7
Male;CONS;A2024;2019T1;37.3
Male;CONS;A2024;2018T4;31.3
Male;CONS;A2024;2018T3;29.5
Male;CONS;A2024;2018T2;26.7
Male;CONS;A2024;2018T1;28.1
Male;CONS;A2024;2017T4;26.2
Male;CONS;A2024;2017T3;31.0
Male;CONS;A2024;2017T2;20.6
Male;CONS;A2024;2017T1;20.3
Male;CONS;A2024;2016T4;18.7
Male;CONS;A2024;2016T3;23.4
Male;CONS;A2024;2016T2;21.5
Male;CONS;A2024;2016T1;17.9
Male;CONS;A2024;2015T4;19.7
Male;CONS;A2024;2015T3;23.4
Male;CONS;A2024;2015T2;24.0
Male;CONS;A2024;2015T1;21.4
Male;CONS;A2024;2014T4;19.3
Male;CONS;A2024;2014T3;23.1
Male;CONS;A2024;2014T2;25.5
Male;CONS;A2024;2014T1;26.1
Male;CONS;A2024;2013T4;25.5
Male;CONS;A2024;2013T3;27.9
Male;CONS;A2024;2013T2;24.7
Male;CONS;A2024;2013T1;26.3
Male;CONS;A2024;2012T4;30.6
Male;CONS;A2024;2012T3;33.4
Male;CONS;A2024;2012T2;46.1
Male;CONS;A2024;2012T1;45.8
Male;CONS;A2024;2011T4;51.0
Male;CONS;A2024;2011T3;58.8
Male;CONS;A2024;2011T2;58.7
Male;CONS;A2024;2011T1;65.5
Male;CONS;A2024;2010T4;75.0
Male;CONS;A2024;2010T3;85.0
Male;CONS;A2024;2010T2;91.1
Male;CONS;A2024;2010T1;90.0
Male;CONS;A2024;2009T4;106.3
Male;CONS;A2024;2009T3;118.0
Male;CONS;A2024;2009T2;135.5
Male;CONS;A2024;2009T1;136.5
Male;CONS;A2024;2008T4;160.3
Male;CONS;A2024;2008T3;194.3
Male;CONS;A2024;2008T2;210.7
Male;CONS;A2024;2008T1;218.1
Male;SERV;Total;2023T3;7575.2
Male;SERV;Total;2023T2;7492.1
Male;SERV;Total;2023T1;7140.1
Male;SERV;Total;2022T4;7204.3
Male;SERV;Total;2022T3;7312.5
Male;SERV;Total;2022T2;7162.2
Male;SERV;Total;2022T1;6995.0
Male;SERV;Total;2021T4;6984.4
Male;SERV;Total;2021T3;7023.3
Male;SERV;Total;2021T2;6837.1
Male;SERV;Total;2021T1;6675.8
Male;SERV;Total;2020T4;6742.9
Male;SERV;Total;2020T3;6767.1
Male;SERV;Total;2020T2;6564.7
Male;SERV;Total;2020T1;6866.7
Male;SERV;Total;2019T4;7008.5
Male;SERV;Total;2019T3;7025.6
Male;SERV;Total;2019T2;6943.1
Male;SERV;Total;2019T1;6811.8
Male;SERV;Total;2018T4;6848.0
Male;SERV;Total;2018T3;6916.0
Male;SERV;Total;2018T2;6780.0
Male;SERV;Total;2018T1;6596.3
Male;SERV;Total;2017T4;6643.6
Male;SERV;Total;2017T3;6770.0
Male;SERV;Total;2017T2;6609.4
Male;SERV;Total;2017T1;6479.5
Male;SERV;Total;2016T4;6505.9
Male;SERV;Total;2016T3;6612.2
Male;SERV;Total;2016T2;6508.0
Male;SERV;Total;2016T1;6428.5
Male;SERV;Total;2015T4;6432.1
Male;SERV;Total;2015T3;6460.7
Male;SERV;Total;2015T2;6322.0
Male;SERV;Total;2015T1;6156.9
Male;SERV;Total;2014T4;6228.6
Male;SERV;Total;2014T3;6321.3
Male;SERV;Total;2014T2;6202.8
Male;SERV;Total;2014T1;5962.9
Male;SERV;Total;2013T4;6029.7
Male;SERV;Total;2013T3;6134.2
Male;SERV;Total;2013T2;6023.3
Male;SERV;Total;2013T1;5950.8
Male;SERV;Total;2012T4;6043.8
Male;SERV;Total;2012T3;6213.0
Male;SERV;Total;2012T2;6169.2
Male;SERV;Total;2012T1;6140.5
Male;SERV;Total;2011T4;6239.5
Male;SERV;Total;2011T3;6404.6
Male;SERV;Total;2011T2;6362.4
Male;SERV;Total;2011T1;6290.5
Male;SERV;Total;2010T4;6303.8
Male;SERV;Total;2010T3;6414.2
Male;SERV;Total;2010T2;6341.3
Male;SERV;Total;2010T1;6273.3
Male;SERV;Total;2009T4;6289.1
Male;SERV;Total;2009T3;6372.5
Male;SERV;Total;2009T2;6276.5
Male;SERV;Total;2009T1;6251.9
Male;SERV;Total;2008T4;6465.5
Male;SERV;Total;2008T3;6561.3
Male;SERV;Total;2008T2;6495.4
Male;SERV;Total;2008T1;6382.6
Male;SERV;A1619;2023T3;93.7
Male;SERV;A1619;2023T2;65.9
Male;SERV;A1619;2023T1;56.3
Male;SERV;A1619;2022T4;59.2
Male;SERV;A1619;2022T3;75.2
Male;SERV;A1619;2022T2;55.6
Male;SERV;A1619;2022T1;55.3
Male;SERV;A1619;2021T4;48.0
Male;SERV;A1619;2021T3;66.3
Male;SERV;A1619;2021T2;47.7
Male;SERV;A1619;2021T1;30.6
Male;SERV;A1619;2020T4;37.8
Male;SERV;A1619;2020T3;53.0
Male;SERV;A1619;2020T2;42.9
Male;SERV;A1619;2020T1;58.2
Male;SERV;A1619;2019T4;60.9
Male;SERV;A1619;2019T3;74.2
Male;SERV;A1619;2019T2;61.0
Male;SERV;A1619;2019T1;51.8
Male;SERV;A1619;2018T4;53.3
Male;SERV;A1619;2018T3;68.7
Male;SERV;A1619;2018T2;54.1
Male;SERV;A1619;2018T1;39.1
Male;SERV;A1619;2017T4;43.1
Male;SERV;A1619;2017T3;60.0
Male;SERV;A1619;2017T2;42.7
Male;SERV;A1619;2017T1;39.9
Male;SERV;A1619;2016T4;42.0
Male;SERV;A1619;2016T3;49.2
Male;SERV;A1619;2016T2;39.4
Male;SERV;A1619;2016T1;33.2
Male;SERV;A1619;2015T4;32.9
Male;SERV;A1619;2015T3;43.4
Male;SERV;A1619;2015T2;34.4
Male;SERV;A1619;2015T1;31.1
Male;SERV;A1619;2014T4;33.8
Male;SERV;A1619;2014T3;39.9
Male;SERV;A1619;2014T2;28.6
Male;SERV;A1619;2014T1;27.1
Male;SERV;A1619;2013T4;24.2
Male;SERV;A1619;2013T3;36.9
Male;SERV;A1619;2013T2;37.8
Male;SERV;A1619;2013T1;30.3
Male;SERV;A1619;2012T4;29.1
Male;SERV;A1619;2012T3;36.4
Male;SERV;A1619;2012T2;33.1
Male;SERV;A1619;2012T1;30.4
Male;SERV;A1619;2011T4;34.2
Male;SERV;A1619;2011T3;56.4
Male;SERV;A1619;2011T2;44.4
Male;SERV;A1619;2011T1;40.7
Male;SERV;A1619;2010T4;46.3
Male;SERV;A1619;2010T3;60.0
Male;SERV;A1619;2010T2;54.5
Male;SERV;A1619;2010T1;59.0
Male;SERV;A1619;2009T4;63.6
Male;SERV;A1619;2009T3;78.4
Male;SERV;A1619;2009T2;65.9
Male;SERV;A1619;2009T1;69.6
Male;SERV;A1619;2008T4;78.5
Male;SERV;A1619;2008T3;117.9
Male;SERV;A1619;2008T2;98.8
Male;SERV;A1619;2008T1;105.2
Male;SERV;A2024;2023T3;462.3
Male;SERV;A2024;2023T2;441.8
Male;SERV;A2024;2023T1;384.1
Male;SERV;A2024;2022T4;391.2
Male;SERV;A2024;2022T3;417.1
Male;SERV;A2024;2022T2;382.1
Male;SERV;A2024;2022T1;345.7
Male;SERV;A2024;2021T4;334.1
Male;SERV;A2024;2021T3;368.8
Male;SERV;A2024;2021T2;309.5
Male;SERV;A2024;2021T1;283.9
Male;SERV;A2024;2020T4;295.0
Male;SERV;A2024;2020T3;318.1
Male;SERV;A2024;2020T2;269.1
Male;SERV;A2024;2020T1;335.0
Male;SERV;A2024;2019T4;368.2
Male;SERV;A2024;2019T3;389.4
Male;SERV;A2024;2019T2;335.6
Male;SERV;A2024;2019T1;302.6
Male;SERV;A2024;2018T4;323.4
Male;SERV;A2024;2018T3;345.4
Male;SERV;A2024;2018T2;315.5
Male;SERV;A2024;2018T1;280.0
Male;SERV;A2024;2017T4;288.6
Male;SERV;A2024;2017T3;325.3
Male;SERV;A2024;2017T2;284.5
Male;SERV;A2024;2017T1;256.3
Male;SERV;A2024;2016T4;266.0
Male;SERV;A2024;2016T3;280.5
Male;SERV;A2024;2016T2;262.8
Male;SERV;A2024;2016T1;267.6
Male;SERV;A2024;2015T4;272.5
Male;SERV;A2024;2015T3;292.7
Male;SERV;A2024;2015T2;251.3
Male;SERV;A2024;2015T1;246.1
Male;SERV;A2024;2014T4;249.4
Male;SERV;A2024;2014T3;269.7
Male;SERV;A2024;2014T2;248.0
Male;SERV;A2024;2014T1;224.1
Male;SERV;A2024;2013T4;245.0
Male;SERV;A2024;2013T3;272.4
Male;SERV;A2024;2013T2;240.7
Male;SERV;A2024;2013T1;224.8
Male;SERV;A2024;2012T4;240.4
Male;SERV;A2024;2012T3;294.0
Male;SERV;A2024;2012T2;254.5
Male;SERV;A2024;2012T1;252.2
Male;SERV;A2024;2011T4;280.9
Male;SERV;A2024;2011T3;319.8
Male;SERV;A2024;2011T2;301.9
Male;SERV;A2024;2011T1;291.9
Male;SERV;A2024;2010T4;314.2
Male;SERV;A2024;2010T3;363.2
Male;SERV;A2024;2010T2;342.6
Male;SERV;A2024;2010T1;318.1
Male;SERV;A2024;2009T4;330.3
Male;SERV;A2024;2009T3;367.7
Male;SERV;A2024;2009T2;345.0
Male;SERV;A2024;2009T1;370.5
Male;SERV;A2024;2008T4;416.8
Male;SERV;A2024;2008T3;452.2
Male;SERV;A2024;2008T2;422.0
Male;SERV;A2024;2008T1;409.5
Female;Total;Total;2023T3;9878.2
Female;Total;Total;2023T2;9799.6
Female;Total;Total;2023T1;9527.8
Female;Total;Total;2022T4;9486.2
Female;Total;Total;2022T3;9430.7
Female;Total;Total;2022T2;9491.4
Female;Total;Total;2022T1;9293.4
Female;Total;Total;2021T4;9354.1
Female;Total;Total;2021T3;9248.5
Female;Total;Total;2021T2;9063.1
Female;Total;Total;2021T1;8821.7
Female;Total;Total;2020T4;8874.5
Female;Total;Total;2020T3;8722.7
Female;Total;Total;2020T2;8473.8
Female;Total;Total;2020T1;9020.0
Female;Total;Total;2019T4;9158.3
Female;Total;Total;2019T3;9049.8
Female;Total;Total;2019T2;9054.7
Female;Total;Total;2019T1;8872.0
Female;Total;Total;2018T4;8911.5
Female;Total;Total;2018T3;8865.6
Female;Total;Total;2018T2;8815.7
Female;Total;Total;2018T1;8590.2
Female;Total;Total;2017T4;8659.1
Female;Total;Total;2017T3;8628.7
Female;Total;Total;2017T2;8556.4
Female;Total;Total;2017T1;8389.8
Female;Total;Total;2016T4;8436.2
Female;Total;Total;2016T3;8414.8
Female;Total;Total;2016T2;8329.9
Female;Total;Total;2016T1;8182.2
Female;Total;Total;2015T4;8230.8
Female;Total;Total;2015T3;8152.2
Female;Total;Total;2015T2;8105.2
Female;Total;Total;2015T1;7934.6
Female;Total;Total;2014T4;8010.8
Female;Total;Total;2014T3;7898.1
Female;Total;Total;2014T2;7912.1
Female;Total;Total;2014T1;7785.0
Female;Total;Total;2013T4;7828.4
Female;Total;Total;2013T3;7845.2
Female;Total;Total;2013T2;7827.4
Female;Total;Total;2013T1;7791.9
Female;Total;Total;2012T4;7903.7
Female;Total;Total;2012T3;8021.9
Female;Total;Total;2012T2;8095.4
Female;Total;Total;2012T1;8077.1
Female;Total;Total;2011T4;8172.8
Female;Total;Total;2011T3;8280.4
Female;Total;Total;2011T2;8392.9
Female;Total;Total;2011T1;8229.7
Female;Total;Total;2010T4;8333.8
Female;Total;Total;2010T3;8304.9
Female;Total;Total;2010T2;8280.9
Female;Total;Total;2010T1;8283.5
Female;Total;Total;2009T4;8339.7
Female;Total;Total;2009T3;8393.2
Female;Total;Total;2009T2;8377.2
Female;Total;Total;2009T1;8385.2
Female;Total;Total;2008T4;8640.4
Female;Total;Total;2008T3;8714.9
Female;Total;Total;2008T2;8696.8
Female;Total;Total;2008T1;8605.9
Female;Total;A1619;2023T3;91.8
Female;Total;A1619;2023T2;71.5
Female;Total;A1619;2023T1;63.2
Female;Total;A1619;2022T4;65.0
Female;Total;A1619;2022T3;83.2
Female;Total;A1619;2022T2;69.7
Female;Total;A1619;2022T1;60.6
Female;Total;A1619;2021T4;55.5
Female;Total;A1619;2021T3;88.2
Female;Total;A1619;2021T2;44.7
Female;Total;A1619;2021T1;30.3
Female;Total;A1619;2020T4;27.8
Female;Total;A1619;2020T3;38.7
Female;Total;A1619;2020T2;29.2
Female;Total;A1619;2020T1;45.6
Female;Total;A1619;2019T4;57.0
Female;Total;A1619;2019T3;75.1
Female;Total;A1619;2019T2;61.7
Female;Total;A1619;2019T1;47.5
Female;Total;A1619;2018T4;59.4
Female;Total;A1619;2018T3;71.6
Female;Total;A1619;2018T2;55.5
Female;Total;A1619;2018T1;45.2
Female;Total;A1619;2017T4;50.0
Female;Total;A1619;2017T3;63.7
Female;Total;A1619;2017T2;44.2
Female;Total;A1619;2017T1;34.4
Female;Total;A1619;2016T4;36.4
Female;Total;A1619;2016T3;50.9
Female;Total;A1619;2016T2;32.9
Female;Total;A1619;2016T1;36.0
Female;Total;A1619;2015T4;28.9
Female;Total;A1619;2015T3;40.9
Female;Total;A1619;2015T2;29.2
Female;Total;A1619;2015T1;28.8
Female;Total;A1619;2014T4;31.9
Female;Total;A1619;2014T3;35.3
Female;Total;A1619;2014T2;27.5
Female;Total;A1619;2014T1;28.1
Female;Total;A1619;2013T4;27.1
Female;Total;A1619;2013T3;37.8
Female;Total;A1619;2013T2;24.1
Female;Total;A1619;2013T1;26.1
Female;Total;A1619;2012T4;28.7
Female;Total;A1619;2012T3;40.4
Female;Total;A1619;2012T2;37.5
Female;Total;A1619;2012T1;37.6
Female;Total;A1619;2011T4;39.6
Female;Total;A1619;2011T3;69.4
Female;Total;A1619;2011T2;61.7
Female;Total;A1619;2011T1;45.4
Female;Total;A1619;2010T4;50.7
Female;Total;A1619;2010T3;66.6
Female;Total;A1619;2010T2;61.1
Female;Total;A1619;2010T1;61.3
Female;Total;A1619;2009T4;59.3
Female;Total;A1619;2009T3;93.2
Female;Total;A1619;2009T2;82.9
Female;Total;A1619;2009T1;85.4
Female;Total;A1619;2008T4;112.0
Female;Total;A1619;2008T3;147.5
Female;Total;A1619;2008T2;119.1
Female;Total;A1619;2008T1;127.2
Female;Total;A2024;2023T3;527.3
Female;Total;A2024;2023T2;470.3
Female;Total;A2024;2023T1;439.2
Female;Total;A2024;2022T4;438.7
Female;Total;A2024;2022T3;442.4
Female;Total;A2024;2022T2;466.5
Female;Total;A2024;2022T1;427.8
Female;Total;A2024;2021T4;416.9
Female;Total;A2024;2021T3;448.3
Female;Total;A2024;2021T2;388.9
Female;Total;A2024;2021T1;339.5
Female;Total;A2024;2020T4;349.7
Female;Total;A2024;2020T3;359.1
Female;Total;A2024;2020T2;303.2
Female;Total;A2024;2020T1;389.1
Female;Total;A2024;2019T4;403.7
Female;Total;A2024;2019T3;419.4
Female;Total;A2024;2019T2;388.4
Female;Total;A2024;2019T1;376.4
Female;Total;A2024;2018T4;401.5
Female;Total;A2024;2018T3;424.0
Female;Total;A2024;2018T2;400.3
Female;Total;A2024;2018T1;377.3
Female;Total;A2024;2017T4;390.5
Female;Total;A2024;2017T3;419.0
Female;Total;A2024;2017T2;377.9
Female;Total;A2024;2017T1;352.0
Female;Total;A2024;2016T4;337.4
Female;Total;A2024;2016T3;369.2
Female;Total;A2024;2016T2;328.1
Female;Total;A2024;2016T1;310.6
Female;Total;A2024;2015T4;332.0
Female;Total;A2024;2015T3;371.2
Female;Total;A2024;2015T2;350.7
Female;Total;A2024;2015T1;322.5
Female;Total;A2024;2014T4;323.8
Female;Total;A2024;2014T3;328.7
Female;Total;A2024;2014T2;320.8
Female;Total;A2024;2014T1;306.0
Female;Total;A2024;2013T4;326.5
Female;Total;A2024;2013T3;340.9
Female;Total;A2024;2013T2;325.7
Female;Total;A2024;2013T1;340.1
Female;Total;A2024;2012T4;347.1
Female;Total;A2024;2012T3;389.8
Female;Total;A2024;2012T2;381.3
Female;Total;A2024;2012T1;395.5
Female;Total;A2024;2011T4;430.3
Female;Total;A2024;2011T3;466.5
Female;Total;A2024;2011T2;459.5
Female;Total;A2024;2011T1;469.4
Female;Total;A2024;2010T4;495.7
Female;Total;A2024;2010T3;533.4
Female;Total;A2024;2010T2;505.4
Female;Total;A2024;2010T1;527.0
Female;Total;A2024;2009T4;550.0
Female;Total;A2024;2009T3;566.9
Female;Total;A2024;2009T2;569.7
Female;Total;A2024;2009T1;588.2
Female;Total;A2024;2008T4;659.6
Female;Total;A2024;2008T3;712.3
Female;Total;A2024;2008T2;691.7
Female;Total;A2024;2008T1;673.7
Female;AGRI;Total;2023T3;167.5
Female;AGRI;Total;2023T2;182.0
Female;AGRI;Total;2023T1;181.1
Female;AGRI;Total;2022T4;179.3
Female;AGRI;Total;2022T3;162.6
Female;AGRI;Total;2022T2;175.6
Female;AGRI;Total;2022T1;198.9
Female;AGRI;Total;2021T4;203.0
Female;AGRI;Total;2021T3;170.8
Female;AGRI;Total;2021T2;209.7
Female;AGRI;Total;2021T1;184.2
Female;AGRI;Total;2020T4;178.9
Female;AGRI;Total;2020T3;149.8
Female;AGRI;Total;2020T2;179.2
Female;AGRI;Total;2020T1;177.8
Female;AGRI;Total;2019T4;175.4
Female;AGRI;Total;2019T3;168.9
Female;AGRI;Total;2019T2;190.5
Female;AGRI;Total;2019T1;205.1
Female;AGRI;Total;2018T4;195.2
Female;AGRI;Total;2018T3;175.0
Female;AGRI;Total;2018T2;198.1
Female;AGRI;Total;2018T1;196.2
Female;AGRI;Total;2017T4;195.3
Female;AGRI;Total;2017T3;179.2
Female;AGRI;Total;2017T2;202.5
Female;AGRI;Total;2017T1;202.5
Female;AGRI;Total;2016T4;189.9
Female;AGRI;Total;2016T3;171.7
Female;AGRI;Total;2016T2;174.7
Female;AGRI;Total;2016T1;178.4
Female;AGRI;Total;2015T4;167.7
Female;AGRI;Total;2015T3;169.8
Female;AGRI;Total;2015T2;183.5
Female;AGRI;Total;2015T1;162.8
Female;AGRI;Total;2014T4;169.6
Female;AGRI;Total;2014T3;153.2
Female;AGRI;Total;2014T2;181.3
Female;AGRI;Total;2014T1;205.6
Female;AGRI;Total;2013T4;188.3
Female;AGRI;Total;2013T3;156.6
Female;AGRI;Total;2013T2;185.7
Female;AGRI;Total;2013T1;171.2
Female;AGRI;Total;2012T4;199.0
Female;AGRI;Total;2012T3;189.7
Female;AGRI;Total;2012T2;186.5
Female;AGRI;Total;2012T1;199.9
Female;AGRI;Total;2011T4;209.4
Female;AGRI;Total;2011T3;183.1
Female;AGRI;Total;2011T2;194.9
Female;AGRI;Total;2011T1;203.7
Female;AGRI;Total;2010T4;203.5
Female;AGRI;Total;2010T3;179.4
Female;AGRI;Total;2010T2;197.7
Female;AGRI;Total;2010T1;231.5
Female;AGRI;Total;2009T4;202.6
Female;AGRI;Total;2009T3;184.1
Female;AGRI;Total;2009T2;205.0
Female;AGRI;Total;2009T1;228.9
Female;AGRI;Total;2008T4;213.4
Female;AGRI;Total;2008T3;202.1
Female;AGRI;Total;2008T2;232.8
Female;AGRI;Total;2008T1;242.4
Female;AGRI;A1619;2023T3;0.3
Female;AGRI;A1619;2023T2;0.5
Female;AGRI;A1619;2023T1;0.3
Female;AGRI;A1619;2022T4;0.9
Female;AGRI;A1619;2022T3;0.2
Female;AGRI;A1619;2022T2;1.2
Female;AGRI;A1619;2022T1;2.5
Female;AGRI;A1619;2021T4;1.8
Female;AGRI;A1619;2021T3;3.0
Female;AGRI;A1619;2021T2;1.3
Female;AGRI;A1619;2021T1;1.2
Female;AGRI;A1619;2020T4;0.8
Female;AGRI;A1619;2020T3;1.3
Female;AGRI;A1619;2020T2;1.3
Female;AGRI;A1619;2020T1;1.2
Female;AGRI;A1619;2019T4;2.0
Female;AGRI;A1619;2019T3;1.8
Female;AGRI;A1619;2019T2;3.0
Female;AGRI;A1619;2019T1;2.0
Female;AGRI;A1619;2018T4;3.5
Female;AGRI;A1619;2018T3;2.0
Female;AGRI;A1619;2018T2;2.4
Female;AGRI;A1619;2018T1;1.8
Female;AGRI;A1619;2017T4;0.6
Female;AGRI;A1619;2017T3;2.5
Female;AGRI;A1619;2017T2;3.3
Female;AGRI;A1619;2017T1;2.1
Female;AGRI;A1619;2016T4;0.2
Female;AGRI;A1619;2016T3;2.0
Female;AGRI;A1619;2016T2;1.2
Female;AGRI;A1619;2016T1;0.9
Female;AGRI;A1619;2015T4;0.7
Female;AGRI;A1619;2015T3;0.5
Female;AGRI;A1619;2015T2;1.9
Female;AGRI;A1619;2015T1;1.1
Female;AGRI;A1619;2014T4;1.2
Female;AGRI;A1619;2014T3;
Female;AGRI;A1619;2014T2;1.2
Female;AGRI;A1619;2014T1;0.3
Female;AGRI;A1619;2013T4;4.6
Female;AGRI;A1619;2013T3;1.8
Female;AGRI;A1619;2013T2;1.1
Female;AGRI;A1619;2013T1;0.4
Female;AGRI;A1619;2012T4;1.5
Female;AGRI;A1619;2012T3;3.0
Female;AGRI;A1619;2012T2;1.2
Female;AGRI;A1619;2012T1;0.9
Female;AGRI;A1619;2011T4;1.9
Female;AGRI;A1619;2011T3;3.1
Female;AGRI;A1619;2011T2;2.2
Female;AGRI;A1619;2011T1;1.0
Female;AGRI;A1619;2010T4;1.9
Female;AGRI;A1619;2010T3;2.8
Female;AGRI;A1619;2010T2;3.2
Female;AGRI;A1619;2010T1;2.4
Female;AGRI;A1619;2009T4;2.4
Female;AGRI;A1619;2009T3;4.4
Female;AGRI;A1619;2009T2;3.2
Female;AGRI;A1619;2009T1;3.3
Female;AGRI;A1619;2008T4;3.1
Female;AGRI;A1619;2008T3;3.9
Female;AGRI;A1619;2008T2;6.0
Female;AGRI;A1619;2008T1;4.8
Female;AGRI;A2024;2023T3;3.9
Female;AGRI;A2024;2023T2;4.2
Female;AGRI;A2024;2023T1;4.4
Female;AGRI;A2024;2022T4;5.9
Female;AGRI;A2024;2022T3;5.6
Female;AGRI;A2024;2022T2;5.9
Female;AGRI;A2024;2022T1;6.3
Female;AGRI;A2024;2021T4;4.7
Female;AGRI;A2024;2021T3;6.8
Female;AGRI;A2024;2021T2;8.9
Female;AGRI;A2024;2021T1;3.9
Female;AGRI;A2024;2020T4;5.2
Female;AGRI;A2024;2020T3;3.9
Female;AGRI;A2024;2020T2;8.1
Female;AGRI;A2024;2020T1;3.0
Female;AGRI;A2024;2019T4;3.8
Female;AGRI;A2024;2019T3;3.5
Female;AGRI;A2024;2019T2;6.4
Female;AGRI;A2024;2019T1;5.0
Female;AGRI;A2024;2018T4;5.6
Female;AGRI;A2024;2018T3;3.5
Female;AGRI;A2024;2018T2;6.6
Female;AGRI;A2024;2018T1;5.8
Female;AGRI;A2024;2017T4;3.9
Female;AGRI;A2024;2017T3;4.7
Female;AGRI;A2024;2017T2;4.3
Female;AGRI;A2024;2017T1;2.5
Female;AGRI;A2024;2016T4;2.6
Female;AGRI;A2024;2016T3;4.3
Female;AGRI;A2024;2016T2;5.7
Female;AGRI;A2024;2016T1;6.9
Female;AGRI;A2024;2015T4;4.4
Female;AGRI;A2024;2015T3;9.2
Female;AGRI;A2024;2015T2;7.6
Female;AGRI;A2024;2015T1;8.6
Female;AGRI;A2024;2014T4;8.2
Female;AGRI;A2024;2014T3;6.4
Female;AGRI;A2024;2014T2;5.5
Female;AGRI;A2024;2014T1;9.5
Female;AGRI;A2024;2013T4;9.8
Female;AGRI;A2024;2013T3;4.4
Female;AGRI;A2024;2013T2;5.0
Female;AGRI;A2024;2013T1;8.9
Female;AGRI;A2024;2012T4;12.6
Female;AGRI;A2024;2012T3;8.4
Female;AGRI;A2024;2012T2;7.5
Female;AGRI;A2024;2012T1;8.0
Female;AGRI;A2024;2011T4;5.9
Female;AGRI;A2024;2011T3;6.0
Female;AGRI;A2024;2011T2;7.0
Female;AGRI;A2024;2011T1;11.0
Female;AGRI;A2024;2010T4;13.9
Female;AGRI;A2024;2010T3;9.2
Female;AGRI;A2024;2010T2;9.9
Female;AGRI;A2024;2010T1;11.5
Female;AGRI;A2024;2009T4;11.5
Female;AGRI;A2024;2009T3;8.3
Female;AGRI;A2024;2009T2;6.8
Female;AGRI;A2024;2009T1;8.1
Female;AGRI;A2024;2008T4;8.8
Female;AGRI;A2024;2008T3;9.3
Female;AGRI;A2024;2008T2;12.2
Female;AGRI;A2024;2008T1;13.2
Female;IND;Total;2023T3;801.9
Female;IND;Total;2023T2;768.7
Female;IND;Total;2023T1;758.1
Female;IND;Total;2022T4;793.9
Female;IND;Total;2022T3;783.1
Female;IND;Total;2022T2;775.3
Female;IND;Total;2022T1;712.3
Female;IND;Total;2021T4;711.5
Female;IND;Total;2021T3;718.2
Female;IND;Total;2021T2;698.1
Female;IND;Total;2021T1;700.9
Female;IND;Total;2020T4;751.2
Female;IND;Total;2020T3;724.5
Female;IND;Total;2020T2;730.6
Female;IND;Total;2020T1;753.7
Female;IND;Total;2019T4;758.3
Female;IND;Total;2019T3;745.9
Female;IND;Total;2019T2;734.3
Female;IND;Total;2019T1;724.8
Female;IND;Total;2018T4;697.9
Female;IND;Total;2018T3;705.6
Female;IND;Total;2018T2;707.6
Female;IND;Total;2018T1;682.1
Female;IND;Total;2017T4;683.5
Female;IND;Total;2017T3;668.8
Female;IND;Total;2017T2;656.3
Female;IND;Total;2017T1;633.7
Female;IND;Total;2016T4;632.6
Female;IND;Total;2016T3;619.3
Female;IND;Total;2016T2;613.9
Female;IND;Total;2016T1;614.8
Female;IND;Total;2015T4;624.3
Female;IND;Total;2015T3;623.8
Female;IND;Total;2015T2;633.2
Female;IND;Total;2015T1;608.2
Female;IND;Total;2014T4;613.4
Female;IND;Total;2014T3;590.5
Female;IND;Total;2014T2;572.6
Female;IND;Total;2014T1;562.5
Female;IND;Total;2013T4;563.6
Female;IND;Total;2013T3;582.0
Female;IND;Total;2013T2;564.6
Female;IND;Total;2013T1;600.8
Female;IND;Total;2012T4;614.5
Female;IND;Total;2012T3;637.7
Female;IND;Total;2012T2;633.4
Female;IND;Total;2012T1;631.4
Female;IND;Total;2011T4;627.5
Female;IND;Total;2011T3;636.4
Female;IND;Total;2011T2;633.0
Female;IND;Total;2011T1;627.9
Female;IND;Total;2010T4;660.2
Female;IND;Total;2010T3;645.5
Female;IND;Total;2010T2;654.8
Female;IND;Total;2010T1;652.6
Female;IND;Total;2009T4;691.1
Female;IND;Total;2009T3;686.3
Female;IND;Total;2009T2;695.2
Female;IND;Total;2009T1;711.7
Female;IND;Total;2008T4;745.0
Female;IND;Total;2008T3;788.8
Female;IND;Total;2008T2;802.9
Female;IND;Total;2008T1;845.1
Female;IND;A1619;2023T3;1.7
Female;IND;A1619;2023T2;2.0
Female;IND;A1619;2023T1;2.3
Female;IND;A1619;2022T4;3.6
Female;IND;A1619;2022T3;3.6
Female;IND;A1619;2022T2;2.3
Female;IND;A1619;2022T1;3.8
Female;IND;A1619;2021T4;4.1
Female;IND;A1619;2021T3;2.0
Female;IND;A1619;2021T2;0.5
Female;IND;A1619;2021T1;0.8
Female;IND;A1619;2020T4;1.5
Female;IND;A1619;2020T3;1.4
Female;IND;A1619;2020T2;1.6
Female;IND;A1619;2020T1;1.1
Female;IND;A1619;2019T4;1.1
Female;IND;A1619;2019T3;3.1
Female;IND;A1619;2019T2;2.0
Female;IND;A1619;2019T1;0.7
Female;IND;A1619;2018T4;1.3
Female;IND;A1619;2018T3;1.5
Female;IND;A1619;2018T2;2.5
Female;IND;A1619;2018T1;2.2
Female;IND;A1619;2017T4;2.1
Female;IND;A1619;2017T3;1.6
Female;IND;A1619;2017T2;0.5
Female;IND;A1619;2017T1;0.6
Female;IND;A1619;2016T4;1.1
Female;IND;A1619;2016T3;2.0
Female;IND;A1619;2016T2;1.0
Female;IND;A1619;2016T1;0.5
Female;IND;A1619;2015T4;0.3
Female;IND;A1619;2015T3;0.7
Female;IND;A1619;2015T2;1.3
Female;IND;A1619;2015T1;3.0
Female;IND;A1619;2014T4;2.9
Female;IND;A1619;2014T3;1.2
Female;IND;A1619;2014T2;0.5
Female;IND;A1619;2014T1;1.5
Female;IND;A1619;2013T4;1.0
Female;IND;A1619;2013T3;2.0
Female;IND;A1619;2013T2;1.5
Female;IND;A1619;2013T1;0.6
Female;IND;A1619;2012T4;0.3
Female;IND;A1619;2012T3;0.7
Female;IND;A1619;2012T2;1.3
Female;IND;A1619;2012T1;2.4
Female;IND;A1619;2011T4;1.9
Female;IND;A1619;2011T3;1.4
Female;IND;A1619;2011T2;2.0
Female;IND;A1619;2011T1;0.9
Female;IND;A1619;2010T4;3.5
Female;IND;A1619;2010T3;4.1
Female;IND;A1619;2010T2;2.7
Female;IND;A1619;2010T1;2.2
Female;IND;A1619;2009T4;2.4
Female;IND;A1619;2009T3;3.9
Female;IND;A1619;2009T2;3.2
Female;IND;A1619;2009T1;4.3
Female;IND;A1619;2008T4;5.9
Female;IND;A1619;2008T3;6.8
Female;IND;A1619;2008T2;6.6
Female;IND;A1619;2008T1;10.3
Female;IND;A2024;2023T3;31.4
Female;IND;A2024;2023T2;25.8
Female;IND;A2024;2023T1;19.8
Female;IND;A2024;2022T4;25.7
Female;IND;A2024;2022T3;28.9
Female;IND;A2024;2022T2;27.6
Female;IND;A2024;2022T1;22.9
Female;IND;A2024;2021T4;24.2
Female;IND;A2024;2021T3;25.0
Female;IND;A2024;2021T2;16.2
Female;IND;A2024;2021T1;20.9
Female;IND;A2024;2020T4;27.1
Female;IND;A2024;2020T3;24.7
Female;IND;A2024;2020T2;18.0
Female;IND;A2024;2020T1;25.0
Female;IND;A2024;2019T4;24.0
Female;IND;A2024;2019T3;18.8
Female;IND;A2024;2019T2;19.5
Female;IND;A2024;2019T1;23.6
Female;IND;A2024;2018T4;23.8
Female;IND;A2024;2018T3;22.5
Female;IND;A2024;2018T2;20.6
Female;IND;A2024;2018T1;20.8
Female;IND;A2024;2017T4;24.7
Female;IND;A2024;2017T3;25.2
Female;IND;A2024;2017T2;21.8
Female;IND;A2024;2017T1;19.5
Female;IND;A2024;2016T4;18.6
Female;IND;A2024;2016T3;17.5
Female;IND;A2024;2016T2;15.6
Female;IND;A2024;2016T1;17.0
Female;IND;A2024;2015T4;20.7
Female;IND;A2024;2015T3;21.4
Female;IND;A2024;2015T2;18.8
Female;IND;A2024;2015T1;14.2
Female;IND;A2024;2014T4;16.0
Female;IND;A2024;2014T3;15.0
Female;IND;A2024;2014T2;12.4
Female;IND;A2024;2014T1;15.1
Female;IND;A2024;2013T4;15.6
Female;IND;A2024;2013T3;19.5
Female;IND;A2024;2013T2;18.5
Female;IND;A2024;2013T1;18.7
Female;IND;A2024;2012T4;17.0
Female;IND;A2024;2012T3;25.1
Female;IND;A2024;2012T2;24.6
Female;IND;A2024;2012T1;23.5
Female;IND;A2024;2011T4;22.7
Female;IND;A2024;2011T3;24.1
Female;IND;A2024;2011T2;24.0
Female;IND;A2024;2011T1;28.5
Female;IND;A2024;2010T4;28.5
Female;IND;A2024;2010T3;29.6
Female;IND;A2024;2010T2;29.8
Female;IND;A2024;2010T1;27.9
Female;IND;A2024;2009T4;28.5
Female;IND;A2024;2009T3;34.3
Female;IND;A2024;2009T2;37.6
Female;IND;A2024;2009T1;49.8
Female;IND;A2024;2008T4;55.6
Female;IND;A2024;2008T3;60.6
Female;IND;A2024;2008T2;62.0
Female;IND;A2024;2008T1;62.7
Female;CONS;Total;2023T3;123.4
Female;CONS;Total;2023T2;119.0
Female;CONS;Total;2023T1;112.9
Female;CONS;Total;2022T4;109.3
Female;CONS;Total;2022T3;119.3
Female;CONS;Total;2022T2;138.9
Female;CONS;Total;2022T1;133.6
Female;CONS;Total;2021T4;130.2
Female;CONS;Total;2021T3;135.0
Female;CONS;Total;2021T2;121.7
Female;CONS;Total;2021T1;107.6
Female;CONS;Total;2020T4;99.0
Female;CONS;Total;2020T3;106.6
Female;CONS;Total;2020T2;96.2
Female;CONS;Total;2020T1;105.7
Female;CONS;Total;2019T4;107.6
Female;CONS;Total;2019T3;118.2
Female;CONS;Total;2019T2;118.3
Female;CONS;Total;2019T1;112.4
Female;CONS;Total;2018T4;115.6
Female;CONS;Total;2018T3;107.2
Female;CONS;Total;2018T2;106.4
Female;CONS;Total;2018T1;96.0
Female;CONS;Total;2017T4;101.2
Female;CONS;Total;2017T3;103.8
Female;CONS;Total;2017T2;96.5
Female;CONS;Total;2017T1;94.9
Female;CONS;Total;2016T4;86.7
Female;CONS;Total;2016T3;90.8
Female;CONS;Total;2016T2;82.7
Female;CONS;Total;2016T1;78.4
Female;CONS;Total;2015T4;78.4
Female;CONS;Total;2015T3;81.7
Female;CONS;Total;2015T2;83.2
Female;CONS;Total;2015T1;84.8
Female;CONS;Total;2014T4;85.4
Female;CONS;Total;2014T3;87.5
Female;CONS;Total;2014T2;81.5
Female;CONS;Total;2014T1;79.0
Female;CONS;Total;2013T4;79.5
Female;CONS;Total;2013T3;83.2
Female;CONS;Total;2013T2;84.8
Female;CONS;Total;2013T1;100.8
Female;CONS;Total;2012T4;97.7
Female;CONS;Total;2012T3;100.6
Female;CONS;Total;2012T2;102.6
Female;CONS;Total;2012T1;94.7
Female;CONS;Total;2011T4;99.8
Female;CONS;Total;2011T3;102.9
Female;CONS;Total;2011T2;105.2
Female;CONS;Total;2011T1;118.6
Female;CONS;Total;2010T4;129.2
Female;CONS;Total;2010T3;135.2
Female;CONS;Total;2010T2;146.3
Female;CONS;Total;2010T1;153.7
Female;CONS;Total;2009T4;144.9
Female;CONS;Total;2009T3;140.2
Female;CONS;Total;2009T2;146.8
Female;CONS;Total;2009T1;162.7
Female;CONS;Total;2008T4;166.6
Female;CONS;Total;2008T3;176.7
Female;CONS;Total;2008T2;183.8
Female;CONS;Total;2008T1;183.5
Female;CONS;A1619;2023T3;
Female;CONS;A1619;2023T2;0.5
Female;CONS;A1619;2023T1;
Female;CONS;A1619;2022T4;0.0
Female;CONS;A1619;2022T3;0.5
Female;CONS;A1619;2022T2;1.6
Female;CONS;A1619;2022T1;1.7
Female;CONS;A1619;2021T4;1.7
Female;CONS;A1619;2021T3;3.4
Female;CONS;A1619;2021T2;1.3
Female;CONS;A1619;2021T1;1.4
Female;CONS;A1619;2020T4;
Female;CONS;A1619;2020T3;0.4
Female;CONS;A1619;2020T2;
Female;CONS;A1619;2020T1;0.2
Female;CONS;A1619;2019T4;
Female;CONS;A1619;2019T3;0.5
Female;CONS;A1619;2019T2;
Female;CONS;A1619;2019T1;
Female;CONS;A1619;2018T4;
Female;CONS;A1619;2018T3;
Female;CONS;A1619;2018T2;0.1
Female;CONS;A1619;2018T1;
Female;CONS;A1619;2017T4;
Female;CONS;A1619;2017T3;
Female;CONS;A1619;2017T2;0.2
Female;CONS;A1619;2017T1;0.2
Female;CONS;A1619;2016T4;0.2
Female;CONS;A1619;2016T3;0.2
Female;CONS;A1619;2016T2;
Female;CONS;A1619;2016T1;
Female;CONS;A1619;2015T4;
Female;CONS;A1619;2015T3;
Female;CONS;A1619;2015T2;
Female;CONS;A1619;2015T1;
Female;CONS;A1619;2014T4;
Female;CONS;A1619;2014T3;
Female;CONS;A1619;2014T2;
Female;CONS;A1619;2014T1;
Female;CONS;A1619;2013T4;
Female;CONS;A1619;2013T3;0.3
Female;CONS;A1619;2013T2;0.2
Female;CONS;A1619;2013T1;0.4
Female;CONS;A1619;2012T4;
Female;CONS;A1619;2012T3;
Female;CONS;A1619;2012T2;
Female;CONS;A1619;2012T1;0.3
Female;CONS;A1619;2011T4;0.2
Female;CONS;A1619;2011T3;0.4
Female;CONS;A1619;2011T2;0.6
Female;CONS;A1619;2011T1;0.6
Female;CONS;A1619;2010T4;1.0
Female;CONS;A1619;2010T3;0.9
Female;CONS;A1619;2010T2;1.8
Female;CONS;A1619;2010T1;0.7
Female;CONS;A1619;2009T4;0.5
Female;CONS;A1619;2009T3;0.7
Female;CONS;A1619;2009T2;1.1
Female;CONS;A1619;2009T1;1.0
Female;CONS;A1619;2008T4;0.8
Female;CONS;A1619;2008T3;1.6
Female;CONS;A1619;2008T2;2.4
Female;CONS;A1619;2008T1;3.1
Female;CONS;A2024;2023T3;3.0
Female;CONS;A2024;2023T2;4.1
Female;CONS;A2024;2023T1;1.7
Female;CONS;A2024;2022T4;3.5
Female;CONS;A2024;2022T3;4.2
Female;CONS;A2024;2022T2;3.8
Female;CONS;A2024;2022T1;3.5
Female;CONS;A2024;2021T4;2.4
Female;CONS;A2024;2021T3;3.0
Female;CONS;A2024;2021T2;0.4
Female;CONS;A2024;2021T1;2.3
Female;CONS;A2024;2020T4;2.0
Female;CONS;A2024;2020T3;2.3
Female;CONS;A2024;2020T2;1.1
Female;CONS;A2024;2020T1;1.4
Female;CONS;A2024;2019T4;1.8
Female;CONS;A2024;2019T3;2.1
Female;CONS;A2024;2019T2;2.2
Female;CONS;A2024;2019T1;2.9
Female;CONS;A2024;2018T4;3.0
Female;CONS;A2024;2018T3;4.4
Female;CONS;A2024;2018T2;3.9
Female;CONS;A2024;2018T1;3.2
Female;CONS;A2024;2017T4;3.1
Female;CONS;A2024;2017T3;2.6
Female;CONS;A2024;2017T2;2.7
Female;CONS;A2024;2017T1;2.2
Female;CONS;A2024;2016T4;1.2
Female;CONS;A2024;2016T3;1.0
Female;CONS;A2024;2016T2;1.0
Female;CONS;A2024;2016T1;0.6
Female;CONS;A2024;2015T4;1.2
Female;CONS;A2024;2015T3;0.9
Female;CONS;A2024;2015T2;1.0
Female;CONS;A2024;2015T1;1.3
Female;CONS;A2024;2014T4;1.3
Female;CONS;A2024;2014T3;2.5
Female;CONS;A2024;2014T2;2.9
Female;CONS;A2024;2014T1;1.0
Female;CONS;A2024;2013T4;0.8
Female;CONS;A2024;2013T3;0.4
Female;CONS;A2024;2013T2;2.1
Female;CONS;A2024;2013T1;3.3
Female;CONS;A2024;2012T4;2.6
Female;CONS;A2024;2012T3;2.7
Female;CONS;A2024;2012T2;4.2
Female;CONS;A2024;2012T1;3.7
Female;CONS;A2024;2011T4;6.5
Female;CONS;A2024;2011T3;3.1
Female;CONS;A2024;2011T2;3.9
Female;CONS;A2024;2011T1;5.4
Female;CONS;A2024;2010T4;5.1
Female;CONS;A2024;2010T3;7.0
Female;CONS;A2024;2010T2;4.0
Female;CONS;A2024;2010T1;3.5
Female;CONS;A2024;2009T4;2.8
Female;CONS;A2024;2009T3;4.9
Female;CONS;A2024;2009T2;4.3
Female;CONS;A2024;2009T1;5.2
Female;CONS;A2024;2008T4;8.4
Female;CONS;A2024;2008T3;11.0
Female;CONS;A2024;2008T2;12.8
Female;CONS;A2024;2008T1;13.6
Female;SERV;Total;2023T3;8785.4
Female;SERV;Total;2023T2;8729.9
Female;SERV;Total;2023T1;8475.7
Female;SERV;Total;2022T4;8403.7
Female;SERV;Total;2022T3;8365.7
Female;SERV;Total;2022T2;8401.7
Female;SERV;Total;2022T1;8248.6
Female;SERV;Total;2021T4;8309.3
Female;SERV;Total;2021T3;8224.5
Female;SERV;Total;2021T2;8033.5
Female;SERV;Total;2021T1;7829.1
Female;SERV;Total;2020T4;7845.4
Female;SERV;Total;2020T3;7741.7
Female;SERV;Total;2020T2;7467.8
Female;SERV;Total;2020T1;7982.8
Female;SERV;Total;2019T4;8116.9
Female;SERV;Total;2019T3;8016.8
Female;SERV;Total;2019T2;8011.7
Female;SERV;Total;2019T1;7829.7
Female;SERV;Total;2018T4;7902.8
Female;SERV;Total;2018T3;7877.8
Female;SERV;Total;2018T2;7803.6
Female;SERV;Total;2018T1;7615.9
Female;SERV;Total;2017T4;7679.1
Female;SERV;Total;2017T3;7676.9
Female;SERV;Total;2017T2;7601.2
Female;SERV;Total;2017T1;7458.7
Female;SERV;Total;2016T4;7527.0
Female;SERV;Total;2016T3;7533.0
Female;SERV;Total;2016T2;7458.5
Female;SERV;Total;2016T1;7310.6
Female;SERV;Total;2015T4;7360.4
Female;SERV;Total;2015T3;7276.9
Female;SERV;Total;2015T2;7205.3
Female;SERV;Total;2015T1;7078.8
Female;SERV;Total;2014T4;7142.4
Female;SERV;Total;2014T3;7066.9
Female;SERV;Total;2014T2;7076.6
Female;SERV;Total;2014T1;6937.9
Female;SERV;Total;2013T4;6997.1
Female;SERV;Total;2013T3;7023.3
Female;SERV;Total;2013T2;6992.4
Female;SERV;Total;2013T1;6919.2
Female;SERV;Total;2012T4;6992.5
Female;SERV;Total;2012T3;7093.9
Female;SERV;Total;2012T2;7172.9
Female;SERV;Total;2012T1;7151.0
Female;SERV;Total;2011T4;7236.0
Female;SERV;Total;2011T3;7358.0
Female;SERV;Total;2011T2;7459.8
Female;SERV;Total;2011T1;7279.4
Female;SERV;Total;2010T4;7340.9
Female;SERV;Total;2010T3;7344.8
Female;SERV;Total;2010T2;7282.1
Female;SERV;Total;2010T1;7245.8
Female;SERV;Total;2009T4;7301.0
Female;SERV;Total;2009T3;7382.6
Female;SERV;Total;2009T2;7330.2
Female;SERV;Total;2009T1;7281.9
Female;SERV;Total;2008T4;7515.5
Female;SERV;Total;2008T3;7547.3
Female;SERV;Total;2008T2;7477.3
Female;SERV;Total;2008T1;7335.0
Female;SERV;A1619;2023T3;89.8
Female;SERV;A1619;2023T2;68.6
Female;SERV;A1619;2023T1;60.6
Female;SERV;A1619;2022T4;60.5
Female;SERV;A1619;2022T3;78.9
Female;SERV;A1619;2022T2;64.5
Female;SERV;A1619;2022T1;52.7
Female;SERV;A1619;2021T4;47.9
Female;SERV;A1619;2021T3;79.8
Female;SERV;A1619;2021T2;41.6
Female;SERV;A1619;2021T1;26.9
Female;SERV;A1619;2020T4;25.5
Female;SERV;A1619;2020T3;35.7
Female;SERV;A1619;2020T2;26.3
Female;SERV;A1619;2020T1;43.1
Female;SERV;A1619;2019T4;53.9
Female;SERV;A1619;2019T3;69.7
Female;SERV;A1619;2019T2;56.7
Female;SERV;A1619;2019T1;44.8
Female;SERV;A1619;2018T4;54.6
Female;SERV;A1619;2018T3;68.2
Female;SERV;A1619;2018T2;50.5
Female;SERV;A1619;2018T1;41.3
Female;SERV;A1619;2017T4;47.3
Female;SERV;A1619;2017T3;59.6
Female;SERV;A1619;2017T2;40.2
Female;SERV;A1619;2017T1;31.4
Female;SERV;A1619;2016T4;34.8
Female;SERV;A1619;2016T3;46.7
Female;SERV;A1619;2016T2;30.7
Female;SERV;A1619;2016T1;34.6
Female;SERV;A1619;2015T4;27.9
Female;SERV;A1619;2015T3;39.7
Female;SERV;A1619;2015T2;26.0
Female;SERV;A1619;2015T1;24.7
Female;SERV;A1619;2014T4;27.8
Female;SERV;A1619;2014T3;34.2
Female;SERV;A1619;2014T2;25.8
Female;SERV;A1619;2014T1;26.3
Female;SERV;A1619;2013T4;21.6
Female;SERV;A1619;2013T3;33.7
Female;SERV;A1619;2013T2;21.3
Female;SERV;A1619;2013T1;24.8
Female;SERV;A1619;2012T4;26.8
Female;SERV;A1619;2012T3;36.7
Female;SERV;A1619;2012T2;35.0
Female;SERV;A1619;2012T1;34.0
Female;SERV;A1619;2011T4;35.5
Female;SERV;A1619;2011T3;64.5
Female;SERV;A1619;2011T2;56.9
Female;SERV;A1619;2011T1;42.9
Female;SERV;A1619;2010T4;44.4
Female;SERV;A1619;2010T3;58.8
Female;SERV;A1619;2010T2;53.4
Female;SERV;A1619;2010T1;56.0
Female;SERV;A1619;2009T4;54.1
Female;SERV;A1619;2009T3;84.2
Female;SERV;A1619;2009T2;75.4
Female;SERV;A1619;2009T1;76.8
Female;SERV;A1619;2008T4;102.2
Female;SERV;A1619;2008T3;135.2
Female;SERV;A1619;2008T2;104.0
Female;SERV;A1619;2008T1;109.0
Female;SERV;A2024;2023T3;489.1
Female;SERV;A2024;2023T2;436.2
Female;SERV;A2024;2023T1;413.3
Female;SERV;A2024;2022T4;403.6
Female;SERV;A2024;2022T3;403.8
Female;SERV;A2024;2022T2;429.2
Female;SERV;A2024;2022T1;395.0
Female;SERV;A2024;2021T4;385.6
Female;SERV;A2024;2021T3;413.5
Female;SERV;A2024;2021T2;363.4
Female;SERV;A2024;2021T1;312.5
Female;SERV;A2024;2020T4;315.4
Female;SERV;A2024;2020T3;328.3
Female;SERV;A2024;2020T2;275.9
Female;SERV;A2024;2020T1;359.6
Female;SERV;A2024;2019T4;374.0
Female;SERV;A2024;2019T3;395.0
Female;SERV;A2024;2019T2;360.3
Female;SERV;A2024;2019T1;345.0
Female;SERV;A2024;2018T4;369.0
Female;SERV;A2024;2018T3;393.6
Female;SERV;A2024;2018T2;369.1
Female;SERV;A2024;2018T1;347.5
Female;SERV;A2024;2017T4;358.8
Female;SERV;A2024;2017T3;386.6
Female;SERV;A2024;2017T2;348.9
Female;SERV;A2024;2017T1;327.9
Female;SERV;A2024;2016T4;315.0
Female;SERV;A2024;2016T3;346.4
Female;SERV;A2024;2016T2;305.8
Female;SERV;A2024;2016T1;286.1
Female;SERV;A2024;2015T4;305.8
Female;SERV;A2024;2015T3;339.6
Female;SERV;A2024;2015T2;323.4
Female;SERV;A2024;2015T1;298.4
Female;SERV;A2024;2014T4;298.2
Female;SERV;A2024;2014T3;304.8
Female;SERV;A2024;2014T2;300.1
Female;SERV;A2024;2014T1;280.4
Female;SERV;A2024;2013T4;300.3
Female;SERV;A2024;2013T3;316.6
Female;SERV;A2024;2013T2;300.0
Female;SERV;A2024;2013T1;309.2
Female;SERV;A2024;2012T4;314.9
Female;SERV;A2024;2012T3;353.6
Female;SERV;A2024;2012T2;345.0
Female;SERV;A2024;2012T1;360.4
Female;SERV;A2024;2011T4;395.3
Female;SERV;A2024;2011T3;433.3
Female;SERV;A2024;2011T2;424.5
Female;SERV;A2024;2011T1;424.5
Female;SERV;A2024;2010T4;448.2
Female;SERV;A2024;2010T3;487.7
Female;SERV;A2024;2010T2;461.7
Female;SERV;A2024;2010T1;484.2
Female;SERV;A2024;2009T4;507.1
Female;SERV;A2024;2009T3;519.4
Female;SERV;A2024;2009T2;520.9
Female;SERV;A2024;2009T1;525.1
Female;SERV;A2024;2008T4;586.9
Female;SERV;A2024;2008T3;631.5
Female;SERV;A2024;2008T2;604.7
Female;SERV;A2024;2008T1;584.3
